번호,"﻿분류",키워드,답변,이미지,변환 이미지,레퍼런스,제작 진행 현황,Last edited by
1,혈당과 체지방,"#칼로리 다이어트 
#반쪽짜리 다이어트 
#기존 다이어트
#저칼로리 다이어트","칼로리 기반 다이어트는 잘못된 상식을 토대로 만들어졌어요. 그래서 과정은 힘들고 결과는 유지하기 어려운 반쪽짜리 다이어트랍니다. 같은 칼로리의 두 가지 음식을 두고 같은 음식이라고 하는 것은 말이 되지 않아요. 

칼로리만 보고 음식을 섭취하다가 우리 몸에 전혀 다른 결과를 초래할 수 있어요!",,,,최종,프로덕트 웰다
2,혈당과 체지방,"#칼로리 다이어트의 부작용 
#기존 다이어트 부작용
#저칼로리 다이어트 부작용
#기초대사량 감소","칼로리만 생각하여 무작정 저칼로리 다이어트에 돌입하면 처음엔 살이 빠지는가 싶더라도 결국엔 많은 부작용을 낳게 돼요.

예를 들어, 식사를 해도 금방 다시 허기가 지고 당이 떨어진다는 느낌이 수시로 들어요. 또한 다이어트를 하면 할수록 몸에 힘이 없고, 몸에 힘이 없으니 운동을 하는 것은 더욱 어렵게 됩니다. 그리고 이 과정을 어떻게든 참아내며 살을 빼더라도 다이어트가 끝나고 다시 원래대로 먹게 되면 내 몸의 기초대사량은 이미 떨어질 대로 떨어져 다시 살이 금방 찌게 되죠.",,,,최종,프로덕트 웰다
3,혈당과 체지방,"#혈당 다이어트 
#완전한 다이어트","우리 몸은 같은 칼로리의 음식이더라도 영양성분에 따라 큰 영향을 받을 수 있으며, 이는 우리 몸의 혈당 변화로 즉각적으로 나타나요!

음식의 칼로리뿐 아니라 영양성분까지 고려해서 다이어트를 하면 과정은 힘들지 않고 결과는 유지할 수 있는 완전하고 건강한 다이어트를 할 수 있어요.",,,,최종,프로덕트 웰다
4,혈당과 체지방,"#혈당 다이어트의 장점 
#웰다 장점 ","칼로리가 아닌 영양성분을 고려하여 음식을 섭취할수록 내 몸의 혈당이 안정화되고, 쌓여있는 체지방을 효율적으로 사용할 수 있어요. 

이렇게 대사 유연성이 활성화될수록 허기가 덜 지게 되어 자연스럽게 필요한 만큼만 먹는 식습관을 형성할 수 있어요. 그리고 칼로리에 집착하지 않아도 되니 다양하고 맛있는 음식을 충분히 섭취할 수 있어 기초 대사량이 떨어지지 않고 요요 없이 유지할 수 있는 다이어트를 할 수 있어요. 

혈당을 고려한 다이어트는 체지방 감량뿐 아니라 건강한 몸을 오랜 기간 유지하는 핵심이기도 해요. ",,,,최종,프로덕트 웰다
5,혈당과 체지방,"#혈당 
#혈당이란 
#건강한 혈당
#정상 혈당 수치","혈당이란 혈액 속 녹아 있는 포도당 수치를 말해요! 건강한 사람의 몸은 기본적으로 일정 수준(60mg/dL~100mg/dL)의 혈당 수치를 유지해요.

음식을 섭취하면 포도당이 혈액으로 흡수되고 이로 인해 일정 수준으로 유지되던 혈당 수치에 변화가 올 수 있어요. 혈당 수치에 변화가 자주 일어나면 우리도 모르는 사이에 다양한 부작용이 일어날 수 있어요.",,,,최종,프로덕트 웰다
6,혈당과 체지방,"#포도당과 손상 
#당화반응
#혈당과 당화반응
#혈당과 노화","혈액을 타고 돌아다니는 당과 부딪힌 세포는 손상을 입는데, 이를 당화 반응이라고 해요. 
혈액에 포도당이 더 많을수록 당화 반응이 더욱 많이 일어납니다. 이렇게 당화된 분자는 영구적으로 손상되어요!

당화 반응이 자주 발생할수록 노화를 촉진시켜 겉으로는 피부가 처져 주름이 생기게 하며 속으로는 염증 발생이 증가하여 심혈관 질환, 암, 치매 등 다양한 질환을 일으킬 수 있어요.

따라서 우리 몸은 과잉의 포도당이 혈류에 유입되면 빠르게 처리해 주어야 하며, 그렇지 않고 혈당이 높은 상태로 유지되면 손상이 끊임없이 일어나고 빠른 시간 내의 우리의 생명까지 위협할 수 있습니다. ",,,,최종,프로덕트 웰다
7,혈당과 체지방,"#인슐린 
#인슐린이란
#열쇠 
#혈당 조절 호르몬","우리 몸에는 높아진 혈당을 낮추기 위해 존재하는 아주 중요한 호르몬이 있어요. 바로 췌장에서 분비되는 인슐린이에요. 

인슐린은 세포가 포도당을 받아들일 수 있도록 문을 여는 중요한 열쇠와 같은 역할을 해요. 인슐린 덕분에 혈류로 들어온 당을 몸 속에 저장할 수 있어, 당이 더 이상 체내에 손상을 일으키지 않도록 도와줘요. 

인슐린이 없다면 우리는 살 수 없어요.",,,,최종,프로덕트 웰다
8,혈당과 체지방,"#체지방 생성 원리
#혈당과 체지방
#포도당 저장 공간","혈류로 들어온 포도당이 에너지로 사용되고도 남으면 우선 간과 근육에 저장돼요. 이렇게 저장된 포도당은 더 이상 손상을 일으키지 않아요. 하지만 간과 근육에는 포도당을 저장할 수 있는 공간이 한정되어 있어요.

이렇게 간과 근육의 공간이 다 차면, 우리 몸은 혈류 속 과잉의 포도당을 지방으로 저장하기 시작해요! 지방은 간과 근육과 다르게 이론상 무한대로 당을 저장할 수 있어요. 

이것이 바로 우리가 살이 찌는 이유 중 하나랍니다!",,,,최종,프로덕트 웰다
9,혈당과 체지방,"#남녀노소 혈당관리
#음식 섭취 후 혈당 상승
#혈당은 누구나 오르는 것 
#건강한 사람도 혈당이 오르나요","혈당 관리는 건강한 사람과는 관련이 없다고 생각하지만, 사실은 그렇지 않아요!

나이가 어린 건강한 청소년부터 노인까지, 남녀노소 모두 음식을 섭취할 때마다 혈당이 상승할 수 있어요. 일반적으로 혈당이 상승하면 인슐린이 분비되고 혈류 속 당을 체내 곳곳으로 이동시켜 혈당 수치를 정상으로 되돌려 놓아요. 

이렇게 혈당 수치가 어느 수준 이상 올라갔다가 떨어지는 현상을 혈당 스파이크라고 해요.",,,,최종,프로덕트 웰다
10,혈당 스파이크,"#혈당스파이크 
#혈당 스파이크 기준 
#혈당 스파이크의 문제점 
#혈당 스파이크의 영향","혈당 수치가 어느 수준 이상 급격하게 올라갔다가 떨어지는 현상을 혈당 스파이크라고 해요.

식후 2시간 이내 혈당이 30mg/dL 이상 증가 후 떨어지는 경우를 혈당 스파이크가 발생했다고 봐요. 혈당 스파이크가 발생할 때마다 우리의 몸은 손상을 입어요. 음식을 섭취할 때마다 혈당 스파이크가 발생할 수 있다는 것은 우리도 모르는 사이에 수천, 수만번의 혈당 스파이크를 경험할 수 있다는 뜻이에요. 

혈당 스파이크가 자주 발생하면 단기적으로는 식곤증, 허기짐, 만성피로, 브레인포그, 여드름과 염증 같은 증상부터 장기적으로는 비만, 우울 및 불안증, 다낭성 난소 증후군, 당뇨, 치매, 암과 같은 치명적인 문제가 생길 수 있어요.",,,,최종,프로덕트 웰다
11,혈당과 체지방,"#혈당기준 
#정상 혈당 기준 
#공복혈당 
#공복 혈당 기준
#혈당 최적 범위 ","혈당은 너무 높아도 좋지 않지만 너무 낮아도 좋지 않습니다. 우리 몸은 항상 적절한 혈당 수치를 유지하는 능력을 가지고 있어요!

미국 당뇨병 학회에 따르면 아침 식사 전 혈당 수치 또는 공복 수치가 60~100mg/dL 사이를 유지하였을 때 정상 혈당 범위, 72~85ml/dL 사이를 유지하였을 때 최적 혈당 범위라고 해요.",,,,최종,프로덕트 웰다
12,"탄수화물과 혈당
영양소","#탄수화물 혈당 
#탄수화물과 혈당 관계 
#탄수화물 소화","혈당은 탄수화물과 밀접한 연관성이 있어요!
탄수화물을 섭취하면 입안에서부터 침 속의 효소를 통해 분해가 시작되고 최종적으로 포도당과 과당으로 분해돼요.

분해된 포도당과 과당은 소장 벽에서  흡수되고, 혈액으로 이동해요. 이렇게 혈액 속에 포함된 포도당의 농도를 혈당이라고 합니다.",,,,최종,프로덕트 웰다
13,"탄수화물과 혈당
영양소","#탄수화물과 포도당
#탄수화물
#탄수화물이란 
#광합성 
","탄수화물은 식물에서 나오는 영양소예요.

식물은 광합성이라는 과정을 통해 탄수화물의 가장 기본적인 단위인 포도당을 생성하고, 생성된 포도당을 에너지로 사용하거나 식물의 줄기, 잎, 씨앗, 열매를 만드는 데 사용해요. 

이런 식물의 다양한 형태는 포도당이 녹말, 식이섬유, 과당, 자당 형태로 변환되어 저장되는 거예요. 식이섬유를 제외한 모든 탄수화물은 섭취 시 포도당으로 분해되어 우리의 혈당에 영향을 줘요.",,,,최종,프로덕트 웰다
14,"탄수화물과 혈당
영양소","#복합탄수화물 
#복합 탄수화물이란
#녹말 
#녹말이란
#스타치 
#스타치란","녹말(스타치)은 대부분의 식물의 뿌리 또는 씨앗에 저장되는 영양소예요. 감자, 고구마, 쌀, 밀, 옥수수, 오트밀, 보리, 렌틸콩, 병아리콩 같은 뿌리 또는 씨앗류에 다량의 녹말이 함유되어 있어요. 

녹말은 주로 우리가 흔히 탄수화물이라 부르는 밥, 빵, 면, 떡 같은 음식으로 가공되어 섭취되며, 체내에서 포도당으로 분해되어 혈당을 올려요.",,,,최종,프로덕트 웰다
15,"탄수화물과 혈당
영양소","#식이섬유 
#식이섬유란 
#유용한 식이섬유","식이섬유는 주로 식물의 줄기, 가지, 꽃, 잎에 존재하는 영양소예요.

우리 몸속에는 식이섬유를 분해하는 효소가 없기 때문에 포도당으로 전환되어 에너지로 이용되지 못하고 혈당을 올리지 않아요. 또한 식이섬유는 소화를 도와 장 운동을 활발하게 하고, 식이섬유가 포함된 대부분의 식품에는 미네랄과 비타민 등 우리 몸에 꼭 필요한 성분이 많이 함유되어 우리 몸에 굉장히 유용한 영양성분이에요. 

식이섬유는 채소류, 콩류, 해조류, 견과류 등과 같은 식품에 많이 함유되어 있어요!",,,,최종,프로덕트 웰다
16,"탄수화물과 혈당
영양소","#과당 
#과일 
#과당이란","과당은 우리가 좋아하는 과일에 주로 농축되어 저장되는 영양소예요. 이 과당의 역할은 달콤한 맛으로 동물을 유혹하여 식물 번식에 도움을 주는 거예요.

과당은 혈당에 직접적인 영향을 주지는 않지만, 지방으로 더 빠르게 전환되며 포도당보다 당화 반응을 많이 일으켜요. 따라서 우리가 가장 주의해야 하는 탄수화물은 달달한 과당이에요.

과당은 과일뿐 아니라 달콤한 과자나 탄산음료 같은 간식류를 만들 때에도 많이 사용돼요. ",,,,최종,프로덕트 웰다
17,"탄수화물과 혈당
영양소","#자당 
#설탕 
#포도당과 과당 
#자당이란","자당은 식물이 에너지를 효율적으로 저장하기 위해 과당과 포도당을 결합하여 만드는 영양소예요. 

자당을 섭취하면 포도당과 과당으로 곧바로 분해되어 우리 몸속에서 대사되고, 우리의 혈당에 영향을 줄 수 있어요.

우리가 매일 사용하는 설탕이 바로 자당이랍니다.",,,,최종,프로덕트 웰다
18,"영양성분표와 원재료명
영양소","#탄수화물 종류 
#영양성분표 
#탄수화물 함량 계산법","가공식품에 표시된 영양성분표를 보면 탄수화물, 지방, 단백질의 함유량을 알 수 있어요!

일반적으로 영양성분표에서 탄수화물의 양은 녹말(스타치), 당, 식이섬유의 함유량을 합친 총량이에요. 따라서 전체 탄수화물 함유량에서 식이섬유를 뺀 값이 스타치와 당의 양이고, 여기서 당의 함유량을 뺀 값이 스타치의 함유량입니다.

탄수화물 중 식이섬유를 제외한 스타치와 당은 섭취 시 모두 혈당에 영향을 끼칠 수 있어요.",,,,최종,프로덕트 웰다
19,기타 건강 지식,"#미토콘드리아와 혈당스파이크 
#미토콘드리아 
#에너지 생산 공장","세포 속으로 이동한 포도당의 주요 목표는 에너지로 전환되는 것이에요.

우리 세포 속에는 ‘미토콘드리아’라는 에너지 생산 공장이 있어요. 미토콘드리아는 포도당 또는 지방을 산소와 결합하여 우리가 생활하는데 필요한 에너지를 만들어내요. 우리가 음식을 섭취하면서 유입된 혈류 속 당은 우선적으로 세포 내부로 흡수되어 미토콘드리아에서 에너지로 합성돼요.

하지만 혈당 스파이크가 빈번히 일어나 필요 이상으로 너무 많은 양의 포도당이 지속적으로 전달되면 미토콘드리아에 문제가 발생할 수 있어요. ",,,,최종,프로덕트 웰다
20,기타 건강 지식,"#망가진 미토콘드리아 
#미토콘드리아 과부하","과도한 탄수화물 섭취로 인해 혈당 스파이크가 너무 많이 일어나면 미토콘드리아가 과부하 되어 서서히 망가지게 돼요.

미토콘드리아가 망가지면 우리 몸은 효율적으로 에너지를 만들지 못하고 자유라디칼을 과하게 생산하게 돼요.",,,,최종,프로덕트 웰다
21,기타 건강 지식,"#자유라디칼
#산화스트레스 
#자유라디칼 과잉","공장에서 나오는 매연처럼 미토콘드리아도 에너지를 생성할 때 작은 분자들을 분비하는데, 이 분자를 자유라디칼이라고 해요.

자유라디칼은 불안정한 물질로 체내를 돌아다니며 우리 몸에 손상을 입혀요. 적당한 양의 자유라디칼은 우리 몸에서 충분히 통제가 가능지만, 혈당 스파이크가 반복되어 생산되는 자유라디칼이 너무 많아지면 우리 몸은 더 이상 통제를 못하고 과부하가 걸려 산화 스트레스 상태에 놓이게 되어요.

산화스트레스는 심장병이나 당뇨병, 암, 치매와 같은 질환의 위험을 높이고 인지 기능 저하, 노화의 원인이 될 수 있어요.",,,,최종,프로덕트 웰다
22,대사적 유연성,"#인슐린저항성 
#인슐린 저항성이란","우리가 탄수화물을 섭취하여 혈당이 치솟을 때마다 우리 몸은 혈당 수치를 되돌리기 위해 인슐린을 분비해요. 이러한 상황이 잦을수록 우리 몸은 인슐린 작용에 대한 반응이 둔해지고 인슐린 기능이 제대로 작용하지 않게 돼요.

바로 인슐린 저항성이 생기는 것입니다!

인슐린 저항성이 생긴 우리 몸은 똑같은 양의 포도당을 처리하기 위해 더 많은 인슐린을 분비하게 되며 혈당 조절 능력이 떨어지게 돼요. 또한 인슐린 저항성은 비만, 2형 당뇨병, 심혈관 질환, 불임 등 현대인을 위협하는 다양한 질병들의 근본적인 원인이 됩니다.",,,,최종,프로덕트 웰다
23,대사적 유연성,"#일방통행길 
#인슐린 과잉 
#인슐린 분비 과잉 
#인슐린과 체지방 연소","인슐린은 우리에게 꼭 필요한 호르몬이지만 너무 많이 분비되면 악영향을 줄 수 있어요.

인슐린이 분비되는 동안에는 우리 몸은 일방통행 길이 되어 세포 안으로 포도당이 들어갈 수 있지만, 세포 밖으로는 아무것도 나오지 못하는 상태가 돼요. 다시 말해, 우리 몸에 인슐린 수치가 높아지면 우리가 저장해놓은 체지방은 에너지로 사용하지 못하고 포도당만을 쓸 수 있는 몸이 돼요. 

따라서 우리 몸이 체지방을 잘 태우기 위해서는 인슐린 수치가 낮은 상태로 유지되어야 합니다!",,,,최종,프로덕트 웰다
24,대사적 유연성,"#대사유연성 
#대사 유연성이란
#유연한 대사능력
#지방 연소
#지방 사용","포도당과 지방을 상황에 따라 유연하게 대사할 수 있는(에너지원으로 쓸 수 있는) 능력을 대사 유연성이라고 해요.

대사 유연성이 활성화되어 있는 사람은 섭취한 포도당을 다 사용하면 몸에 쌓인 지방을 연료로 사용할 수 있어 오랜 시간 에너지를 낼 수 있어요. 반대로 대사 유연성이 떨어진 사람들은 금세 에너지가 바닥나고 자주 허기가 지게 됩니다. 

우리 몸에 저장된 체지방을 효율적으로 태우기 위해서는 대사 유연성이 우선적으로 활성화되어야 해요.",,,,최종,프로덕트 웰다
25,대사적 유연성,"#대사 유연성과 인슐린 저항성 
#대사유연성 활성화","대사 유연성은 인슐린 저항성과 밀접한 관계가 있습니다. 우리 몸은 인슐린이 분비되면 일방통행 길이 되기 때문에 인슐린 저항성이 생기면서 자연스럽게 대사 유연성도 떨어지게 돼요.

대사 유연성을 다시 활성화시키려면 인슐린 분비 빈도를 줄여 인슐린 저항성을 개선해야 합니다! 

우리가 혈당 스파이크를 조절하여 혈당 곡선을 완만하게 만들면, 자연스럽게 인슐린 분비도 줄게 돼요. 그렇게 서서히 인슐린 저항성이 개선되면 우리 몸은 녹슬었던 지방을 태우는 기능을 조금씩 다시 활성화시킬 수 있습니다. ",,,,최종,프로덕트 웰다
26,혈당과 체지방,"#체지방 생성을 줄이는 방법 
#혈당 곡선을 완만하게 하는 방법
#혈당 스파이크 조절","체지방은 혈당 스파이크 발생 시 처리하지 못한 잉여 포도당으로부터 생성될 수 있어요.
 
따라서 체지방 생성을 줄이기 위해서는 혈당 스파이크 발생을 줄여야 합니다.

혈당 스파이크 발생을 줄이기 위해서는 혈당을 상승시키는 원인 자체를 차단하는 방법과 혈당 상승 정도를 완화하는 보조적인 방법이 있어요. ",,,,최종,프로덕트 웰다
27,식사 순서,"#식사순서 바꾸기 
#식사 순서 방법","우리가 같은 음식을 어떤 순서로 먹느냐에 따라 혈당 곡선을 완만하게 만들 수 있어요. 

식이섬유, 단백질, 지방을 먼저 섭취하고, 탄수화물을 나중에 섭취하세요. 음식에 따라 식사 순서를 바꿔 먹기 어렵다면 탄수화물을 식이섬유, 단백질, 지방으로 감싸 먹어도 효과가 있을 수 있어요. 

식사 순서 바꾸기를 식후 활동, 식초 섭취 방법과 같이 실천한다면 혈당 스파이크가 발생될 가능성을 더욱 낮출 수 있을 거예요.",https://drive.google.com/file/d/1eJxvcR2t6xpAcoxJQF9DIfTwMIY_ruAy/view?usp=drive_link,https://wellcheck-diet-prod.s3.ap-northeast-2.amazonaws.com/coach-answer-guide/27.jpg,,최종,프로덕트 웰다
28,식사 순서,"#식사순서 원리 
#식사 순서 효과 
#식이섬유 효과 ","식사를 할 때 탄수화물부터 섭취하면 탄수화물은 빠르게 분해되고 혈류로 흡수되어 혈당을 상승시켜요.

반대로, 식이섬유, 단백질, 지방부터 섭취하면 위장에 쌓여 탄수화물이 들어와도 공복일 때만큼 빠르게 소화하지 못합니다. 또한, 식이섬유는 침 속의 효소 작용을 억제하여 탄수화물 분해를 늦추고, 소장에 코팅막을 씌워 소화된 포도당의 흡수를 늦춰줘요. 

따라서 혈당이 오르는 속도를 가장 효과적으로 조절하려면 식이섬유를 가장 먼저 먹고 단백질과 지방, 탄수화물 순서로 먹어주세요!",https://drive.google.com/file/d/1ShQEA2gmJMxVYgFj3UbqXZiFE3PqTdxe/view?usp=drive_link,https://wellcheck-diet-prod.s3.ap-northeast-2.amazonaws.com/coach-answer-guide/28.jpg,https://diabetesjournals.org/care/article/38/7/e98/30914/Food-Order-Has-a-Significant-Impact-on,최종,프로덕트 웰다
29,식사 순서,"#식사순서 예시 
#식사 순서 바꾸기 추천 
#식사 순서 실천 팁 
#식사 순서 집에서","✔식사 순서 바꾸기 실천 팁!_가정에서

⬡ 나물 반찬 먼저 먹기(근대나물, 버섯볶음, 고사리나물, 콩나물 등)
⬡ 생채소를 먹기 좋게 잘라 보관하고 식전 먼저 먹기(당근, 오이, 샐러리, 파프리카 등)
⬡ 채소를 올리브유에 구워 소금, 후추 뿌려 먼저 먹기(버섯, 호박, 가지, 아스파라거스 등)
⬡ 구운 채소에 치즈 곁들여 먼저 먹기
⬡ 샐러드에 견과류 먼저 먹기(호두, 아몬드 등)
⬡ 국, 찌개 건더기 먼저 먹기(미역국, 소고기무국, 된장찌개 등)
⬡ 낫또, 계란 구입해놓고 먼저 먹기",,,,최종,프로덕트 웰다
30,식사 순서,"#식사순서 주의사항 
#식사 순서 바꾸기 주의사항
#채소 먹기 주의사항
#채소 조리 주의사항","✔식사 순서 바꾸기 주의사항

채소를 갈아서 먹거나 푹 쪄 먹으면 채소 속의 식이섬유가 파괴되고 흡수 속도가 빨라져 식사 순서 바꾸기 효과가 적을 수 있어요. 채소는 최대한 원 모습 그대로 보존하여 생으로 먹거나, 굽거나, 살짝 데치거나, 볶아서 드시는 것이 좋습니다!",,,https://www.researchgate.net/publication/276839320_Analysis_and_Evaluation_of_Glycemic_Indices_and_Glycemic_Loads_of_Frequently_Consumed_Carbohydrate-Rich_Snacks_according_to_Variety_and_Cooking_Method,최종,프로덕트 웰다
31,식사 순서,"#식사순서 외식 배달 예시 
#식사 순서 바꾸기 외식 배달 추천  
#식사 순서 외식 배달 실천 팁 
#식사순서 바꾸기 족발 보쌈","✔식사 순서 바꾸기 실천 팁!_족발, 보쌈집

⬡ 족발, 보쌈집
김치, 샐러드, 부추무침, 쌈 → 족발, 보쌈 → 밥, 막국수",,,,최종,프로덕트 웰다
32,식사 순서,#식사 순서 바꾸기 고기집,"✔식사 순서 바꾸기 실천 팁!_고기집

⬡ 고기집
김치, 샐러드, 부추무침, 쌈 → 고기구이, 계란찜, 된장찌개 건더기 → 밥, 냉면, 라면",,,,최종,프로덕트 웰다
33,식사 순서,#식사 순서 바꾸기 야키니쿠집,"✔식사 순서 바꾸기 실천 팁!_야키니쿠집

⬡ 야키니쿠집
샐러드, 해초무침 → 고기구이, 나베 → 라멘, 덮밥",,,,최종,프로덕트 웰다
34,식사 순서,#식사 순서 바꾸기 양식집,"✔식사 순서 바꾸기 실천 팁!_양식집

⬡ 양식집
샐러드 → 스테이크 →  식전빵, 매쉬드포테이토, 파스타, 스프",,,,최종,프로덕트 웰다
35,식사 순서,#식사 순서 바꾸기 횟집,"✔식사 순서 바꾸기 실천 팁!_횟집

⬡ 횟집
샐러드, 쌈 → 회, 생선구이  → 초밥, 콘치즈",,,,최종,프로덕트 웰다
36,식사 순서,#식사 순서 바꾸기 육사시미 육회집,"✔식사 순서 바꾸기 실천 팁!_육사시미, 육회집

⬡ 육사시미, 육회집
샐러드, 쌈 → 육사시미, 육회 → 초밥, 밥 ",,,,최종,프로덕트 웰다
37,식사 순서,#식사 순서 바꾸기 양꼬치집,"✔식사 순서 바꾸기 실천 팁!_양꼬치집

⬡ 양꼬치집
짜사이무침, 마늘꼬치, 어향가지 → 포두부볶음, 토마토계란볶음, 양꼬치, 양갈비 → 온면, 볶음밥",,,,최종,프로덕트 웰다
38,식사 순서,#식사 순서 바꾸기 오리집,"✔식사 순서 바꾸기 실천 팁!_오리집

⬡ 오리집
쌈, 버섯, 샐러드 → 오리구이, 오리탕 → 볶음밥, 감자, 죽 ",,,,최종,프로덕트 웰다
39,식사 순서,#식사 순서 바꾸기 닭집,"✔식사 순서 바꾸기 실천 팁!_닭집

⬡ 닭집
쌈, 버섯, 샐러드 →  닭백숙, 닭한마리, 닭볶음탕, 닭갈비(닭 건더기 위주) → 감자, 고구마, 볶음밥, 면",,,,최종,프로덕트 웰다
40,식사 순서,#식사 순서 바꾸기 샤브샤브 편백찜,"✔식사 순서 바꾸기 실천 팁!_샤브샤브, 편백찜집

⬡ 샤브샤브, 편백찜집
채소, 버섯 → 소고기, 오리고기, 돼지고기 → 칼국수, 우동면, 죽, 볶음밥, 감자",,,,최종,프로덕트 웰다
41,식사 순서,#식사 순서 바꾸기 곱창구이 곱창전골,"✔식사 순서 바꾸기 실천 팁!_곱창구이, 곱창전골집

⬡ 곱창구이, 곱창전골집
상추, 샐러드 →  곱창, 곱창전골 → 볶음밥, 죽",,,,최종,프로덕트 웰다
42,식사 순서,#식사 순서 바꾸기 치킨,"✔식사 순서 바꾸기 실천 팁!_치킨집

⬡ 치킨집
샐러드 → 소금구이, 후라이드 → 떡강정",,,,최종,프로덕트 웰다
43,식사 순서,#식사 순서 바꾸기 돈가스,"✔식사 순서 바꾸기 실천 팁!_돈가스집

⬡ 돈가스집
샐러드 → 돈가스, 생선까스, 치킨까스, 새우튀김  → 밥, 면",,,,최종,프로덕트 웰다
44,식사 순서,#식사 순서 바꾸기 장어구이,"✔식사 순서 바꾸기 실천 팁!_장어구이집

⬡ 장어구이집
샐러드, 쌈, 나물, 생채 → 장어구이 → 덮밥, 면",,,,최종,프로덕트 웰다
45,식사 순서,#식사 순서 바꾸기 생선구이 생선조림,"✔식사 순서 바꾸기 실천 팁!_생선구이, 생선조림집

⬡ 생선구이, 생선조림집
나물반찬, 국 건더기, 김치 → 생선구이, 생선조림 → 밥",,,,최종,프로덕트 웰다
46,식사 순서,#식사 순서 바꾸기 조개구이,"✔식사 순서 바꾸기 실천 팁!_조개구이집

⬡ 조개구이집
샐러드, 국 건더기, 미역국 → 조개구이, 조개찜, 새우구이, 꽃게찜, 조개전골, 조개삼합 → 해물라면, 죽",,,,최종,프로덕트 웰다
47,식사 순서,#식사 순서 바꾸기 두부요리,"✔식사 순서 바꾸기 실천 팁!_두부요리집

⬡ 두부요리 
나물 반찬  → 두부요리(두부구이, 두부전골, 두부찜, 순두부탕)  →  밥, 면",,,,최종,프로덕트 웰다
48,식사 순서,#식사 순서 바꾸기 국밥집,"✔식사 순서 바꾸기 실천 팁!_국밥집

⬡ 국밥집
나물 반찬, 김치  → 국 건더기(고기, 채소)  → 밥, 당면",,,,최종,프로덕트 웰다
49,식사 순서,#식사 순서 바꾸기 샐러드 포케집,"✔식사 순서 바꾸기 실천 팁!_샐러드, 포케집

⬡ 샐러드, 포케집
샐러드 채소 → 고기, 두부 → 그래놀라, 현미밥, 고구마, 메밀면",,,,최종,프로덕트 웰다
50,식사 순서,#식사 순서 마라탕 마라샹궈 훠궈,"✔식사 순서 바꾸기 실천 팁!_마라탕, 마라샹궈, 훠궈집

⬡ 마라탕, 마라샹궈, 훠궈집
채소, 버섯, 곤약말이, 곤약 →  두부, 고기 → 옥수수면, 분모자, 소면, 칼국수면, 중국당면, 감자",,,,최종,프로덕트 웰다
51,식사 순서,#식사 순서 바꾸기 베트남 음식,"✔식사 순서 바꾸기 실천 팁!_베트남 음식집

⬡ 베트남 음식집
공심채볶음, 쌀국수 숙주, 양파무침, 채소 →  고기 → 쌀국수 면",,,,최종,프로덕트 웰다
52,식사 순서,#식사 순서 바꾸기 멕시코 음식,"✔식사 순서 바꾸기 실천 팁!_멕시코 음식집

⬡ 멕시코 음식집(타코보울, 파히타, 멕시칸 샐러드)
멕시칸 샐러드 채소, 타코보울 채소 → 타코보울, 파히타 속 고기 → 나쵸, 또띠아",,,,최종,프로덕트 웰다
53,식사 순서,"#식사순서 섭취 간격 
#식사 순서 섭취 비율 
#식사 순서 효과 지속 시간","식사 순서 효과는 식이섬유 및 단백질, 지방을 섭취한 직후부터 최대 90분까지 지속될 수 있어요. 

또한 탄수화물과 다른 식품군(식이섬유, 단백질, 지방)의 비율은 1:1로 구성하여 섭취하는 것을 추천드려요(g 기준).  

따라서 식사 순서 효과를 보기 위해서는 비슷한 비율의 식이섬유 및 단백질, 지방 섭취 직후 탄수화물을 멈추지 않고 먹어도 혈당 곡선을 완만하게 할 수 있어요. 탄수화물을 가능하면 가장 마지막에 먹는 것이 좋지만 번갈아 가면서 먹어도 효과가 있답니다~!",,,,최종,프로덕트 웰다
54,식후 활동,"#식후활동 
#식후 활동 방법
#식후 활동 시간","우리가 식사 후 활동 여부에 따라 혈당 곡선이 달라질 수 있어요! 

혈당 곡선이 정점을 찍기 전인 식사 후 60분 이내 몸을 움직여주세요. 식사 후 10분만 걸어도 방금 먹은 음식의 반응을 줄일 수 있어요

식후 활동을 식사 순서 바꾸기, 식초 섭취 방법과 같이 실천한다면 혈당 스파이크가 발생될 가능성을 더욱 낮출 수 있을 거예요.",,,,최종,프로덕트 웰다
55,식후 활동,"#식후활동 원리 
#식후 활동 효과","우리가 몸을 움직이면 근육이 수축되는데, 근육이 수축된다는 것은 에너지를 소모한다는 것이에요. 

우리가 식사 후 움직이면 음식 섭취로 인해 유입된 혈액 내 포도당을 이용하여 에너지로 사용합니다. 이 사실을 이용하면 탄수화물 섭취 후 혈당 곡선을 완만하게 할 수 있어요.

특히! 허벅지를 포함한 하체에는 우리 몸 근육의 3분의 2 이상이 모여 있어 허벅지 근육을 사용하면 혈당을 효과적으로 조절할 수 있어요 :)",https://drive.google.com/file/d/19f7OEokL3hgp0iHUALmd9oWbK2kcgu-G/view?usp=drive_link,https://wellcheck-diet-prod.s3.ap-northeast-2.amazonaws.com/coach-answer-guide/55.jpg,,최종,프로덕트 웰다
56,식후 활동,"#식후활동 예시 
#식후 활동 추천 
#식후 활동 실천 팁","✔식후 활동 실천 팁!
⬡ 식후 걷기
⬡ 식후 청소하기(바닥 닦기, 청소기 돌리기)
⬡ 식후 설거지하면서 뒷발차기 운동하기
⬡ 식후 설거지할 때 의자 자세 유지하기
⬡ 식후 엘리베이터 대신 계단 오르기
⬡ 식후 스쿼트, 런지 하기
⬡ 식후 TV 보며 플랭크, 스테퍼 하기
⬡ 식후 가자미근 운동하기
⬡ 식후 자전거 타기
⬡ 식후 벽에 등을 대고 의자 자세 유지하기
⬡ 식후 스트레칭, 요가, 필라테스하기

✔식후 활동 주의사항
식후 배부른 상태에서 격한 활동을 하면 소화장애를 일으킬 수 있으니 식후에는 가벼운 활동을 통해 소화에 도움을 주고 혈당을 조절해 주세요!",,,,최종,프로덕트 웰다
57,"식초 섭취
","#식초섭취 
#식초 섭취 방법 
#식초 마시는 방법 
#식초 마시기 
#식초 주의사항
","식사 전후 식초를 마시면 혈당 곡선이 달라질 수 있어요!

식초를 물 200mL 이상에 희석하여 식사 시간 20분 이내 빨대로 섭취해 주세요. 처음 식초를 섭취하시는 분은 작은 술(5mL)부터 점차 증량해서 드셔보세요.

식초는 강한 산성으로 원액 그대로 마시면 위험할 수 있어요. 반드시 물에 적정량을 희석하고, 빨대를 이용해 섭취한 후 입안을 물로 헹궈주세요.

식전 20분 이내 식초를 섭취하고 식사 순서를 바꿔 먹고 식후 활동을 해주시면 혈당 곡선을 더욱 완만하게 할 수 있을 거예요.",,,,최종,프로덕트 웰다
58,"식초 섭취
","#식초 원리 
#식초 효과
#식초 마시기 효과 
#식초 섭취 효과 
#아세트산 효과 ","식초 속 아세트산은 혈당 스파이크를 예방하는 효과를 가지고 있어요.

아세트산은 침 속 효소의 작용을 억제하여 탄수화물이 포도당으로 분해되는 속도를 늦춰주고 근육이 평소보다 더 빨리 포도당을 저장할 수 있도록 도와줍니다. 즉 포도당이 혈류에 천천히 도착하고 더 빨리 흡수되어 혈당 스파이크 발생 가능성을 줄일 수 있어요. 

뿐만 아니라 식초는 인슐린 저항성 개선에도 효과가 있어 대사 유연성 활성화에도 도움을 주어요!",https://drive.google.com/file/d/1p5a_70GDI6iKnf1P_xooDaB6sJWhXlV7/view?usp=drive_link,https://wellcheck-diet-prod.s3.ap-northeast-2.amazonaws.com/coach-answer-guide/58.jpg,https://pubmed.ncbi.nlm.nih.gov/31221273/,최종,프로덕트 웰다
59,"식초 섭취
","#식초섭취 예시 
#식초 섭취하기 추천 
#식초 섭취 실천 팁","식초는 다양한 방법으로 섭취할 수 있어요. 나에게 맞는 섭취 방법을 선택해서 식초 섭취를 실천해 보세요.

✔식초 섭취 실천 팁!

⬡ 탄산수와 함께 식초 섭취하기
⬡ 샐러드드레싱 대신 비네그레트 소스 뿌려 먹기
⬡ 샐러드드레싱 대신 식초 뿌려서 먹기
⬡ 좋아하는 채소로 식초 넣고 피클 만들기 
⬡ 그릭 요거트에 식초 타먹기
⬡ 무알코올 식초 모히또, 식초 칵테일 만들어 먹기
⬡ 희석한 식초물을 얼려서 음료에 타 먹기",,,,최종,프로덕트 웰다
60,"식초 섭취
","#식초섭취 시간 
#식초 섭취하기 시간 
#식초는 언제 먹어야 하나요","혈당 스파이크 예방을 위한 식초의 효과는 식사 시간 20분 전후로 지속될 수 있어요. 

식사 시간 20분 전 식초를 섭취하는 것이 혈당 조절에 가장 효과적이지만 속쓰림이 발생한다면 식사 중 또는 식사 후 20분 이내로 드시는 것을 추천드립니다.",,,,최종,프로덕트 웰다
61,"식초 섭취
","#식초 선택 방법
#식초 선택하는 방법
#식초 고르는 법
","식초를 선택할 때는 당류 0g, 아세트산 5%의 식초를 선택해 주셔야 해요. 웰다에서 추천하는 식초 제품이 궁금하시다면 추가 문의를 해주세요.",,,,최종,프로덕트 웰다
62,식초 섭취,"#식초 추천 
#식초 제품 
#식초 추천 리스트 ","웰다에서 추천하는 식초 제품입니다. 본인의 기호에 맞게 골라 드세요!

✔식초 제품 추천!
⬡ 브래그 유기농 사과 식초: 깔끔하고 새콤, 톡쏘는 맛
⬡ 카란디니 유기농 사과 식초: 식초 냄새가 없고 시원한 맛
⬡ 데니그리스 유기농 사과 식초: 식초 냄새가 없고 거부감 없이 부드러운 맛
⬡ 데니그리스 유기농 석류 식초: 식초의 톡 쏘는 맛이 적고 부드러운 석류향이 나는 맛
⬡ 안드레아밀라노 유기농 애플 사이다 식초: 산뜻하고 부드러운 맛
⬡ 아치 애플 사이다 비니거: 식초 냄새가 적고 풍미가 매우 좋음
⬡ 커클랜드 시그니처 오가닉 애플 사이다 비니거: 식초 냄새가 적고 상큼한 맛, 합리적인 가격
⬡ 버몬트 빌리지 유기농 사과 식초 : 부드럽고 향긋한 식초 맛",https://drive.google.com/file/d/1ZNv-PB1HuOb1EPUmg1SxclX0jJHYvipC/view?usp=drive_link,https://wellcheck-diet-prod.s3.ap-northeast-2.amazonaws.com/coach-answer-guide/62.jpg,,최종,프로덕트 웰다
63,"식초 섭취
","#콤부차 
#식초 대용 콤부차","콤부차는 아세트산이 1% 미만으로 효과가 적을 수 있어요. 또한, 콤부차에는 당이 함유된 제품이 많아 오히려 다이어트에 방해가 될 수 있으니 주의해 주세요.",,,,최종,프로덕트 웰다
64,"식초 섭취
","#레몬즙 
#구연산 
#식초 대용 레몬즙","레몬즙은 아세트산이 아닌 구연산을 함유하고 있어 아세트산의 효과를 볼 수 없어요. 하지만 레몬즙은 비타민과 미네랄이 풍부하고, 우리 몸에 소화 촉진, 항산화 효과, 물질대사 촉진 등의 다양한 효과를 줄 수 있어요. 

레몬즙을 드실 때는 식초를 희석한 물에 한 술 첨가하여 드셔보세요. 식초와 레몬즙의 효과를 동시에 볼 수 있을 뿐만 아니라 맛도 좋아 추천드려요!",,,,최종,프로덕트 웰다
65,식초 섭취,"#식초 알약 
#식초 젤리 구미 
#식초 대용 알약 
#식초 대용 구미","식초 알약과 구미(젤리)는 아세트산 함량이 적어 식초 효과가 적을 수 있어요. 또한, 구미 형태는 당을 함유한 제품이 많아 오히려 다이어트에 방해가 될 수 있으니 주의해 주세요.",,,,최종,프로덕트 웰다
66,"식초 섭취
","#홍초 
#감식초 
#식초 대용 홍초 
#식초 대용 감식초","홍초, 감식초는 당을 함유한 제품이 많아 오히려 다이어트에 방해가 될 수 있으니 주의해 주세요. 홍초, 감식초의 아세트산과 당의 함유량을 확인하고 섭취해 주세요!",,,,최종,프로덕트 웰다
67,"식초 섭취
","#조리용 식초 
#일반 식초 
#주정 
#식초 대용","조리용 식초, 일반 식초는 주정을 넣어 강제로 발효한 식초로 아세트산이 거의 없어요. 식초의 효과를 보기 위해서는 자연으로 발효된 천연 식초를 선택하셔야 합니다. 식초를 선택할 때 아세트산과 당의 함유량을 확인해 주세요!",,,,최종,프로덕트 웰다
68,"식초 섭취
","#위염 
#위궤양 
#복통 
#속쓰림 
#식초","위염, 위궤양, 복통, 속 쓰림이 있으시다면 소량(작은 술)만 희석하여 섭취해 보시고 증상이 악화된다면 섭취를 중단하시거나 전문의와 상담 후 섭취하시는 것을 권장 드립니다. 

식초 섭취가 어려운 경우에는 식사 순서 바꾸기와 식후 활동을 더 적극적으로 실천하여 혈당 스파이크를 예방해 주세요.",,,,최종,프로덕트 웰다
69,식초 섭취,"#식초 섭취가 어려운 경우 
#식초 섭취 불가",식초 섭취가 어려운 경우에는 식사 순서 바꾸기와 식후 활동을 더 적극적으로 실천하여 혈당 스파이크를 예방해 주세요.,,,,최종,프로덕트 웰다
70,식단지 식사,"#식단지식사 
#식단지 식사 방법 
#식단지 식사 접시 구성 
#한끼 접시 구성","식단지 식사 방법은 혈당 스파이크를 피할 수 있는 가장 확실한 방법이에요!

식단지 식사를 하기 위해선 접시의 절반은 식이섬유가 풍부한 채소, 나머지 접시의 절반씩 단백질, 좋은 지방으로 구성해 주세요. 이렇게 섭취하면 필요한 영양소를 골고루 섭취할 수 있어요. 이때 섭취하는 소스를 주의하셔야 해요! 소스에 생각보다 높은 양의 당류가 함유되어 있을 수 있어요.

또한 탄수화물을 갑자기 극단적으로 끊으면 아직 대사 유연성이 활성화되지 않은 상태에서 금당현상 같은 부작용이 발생할 수 있기 때문에 식단지 식사는 하루 한 끼부터 시작해 보는 것을 추천드립니다. 특히 간헐적 단식 직후 처음으로 섭취한 음식에 우리 몸이 민감하게 반응하기 때문에 식단지 식사는 첫 끼부터 시작해 보시는 것을 추천드려요!",https://drive.google.com/file/d/1ApX5Uf7dgWBKG4wXDpG3FKMHWbUvWKXi/view?usp=drive_link,https://wellcheck-diet-prod.s3.ap-northeast-2.amazonaws.com/coach-answer-guide/70.jpg,,최종,프로덕트 웰다
71,식단지 식사,"#식단지식사 원리 
#식단지 식사 효과 ","식단지 식사의 원리는 간단해요.

우리가 식단지 식사를 하면 탄수화물 섭취가 줄게 되어요. 탄수화물 섭취 자체가 줄어 혈당 스파이크가 차단되면 우리 몸의 체지방 생성을 줄일 수 있어요. 또한, 탄수화물 섭취가 줄면 인슐린 저항성이 개선되어 지방을 에너지원으로 유연하게 쓸 수 있는 기능인 대사 유연성이 활성화될 수 있어요.

체지방 생성을 줄이고 대사 유연성 활성화에 도움을 주는 식단지 식사를 하루 한 끼부터 서서히 실천해 보세요!",,,https://www.hsph.harvard.edu/nutritionsource/healthy-weight/diet-reviews/ketogenic-diet/,최종,프로덕트 웰다
72,식단지 식사,"#당신생합성 
#포도당 합성
#포도당 필요한 영양성분 
#필수 영양소
#탄수화물 안먹어도 되나요","탄수화물을 구성하는 기본 성분인 포도당은 우리 몸에 꼭 필요한 영양소입니다. 

하지만 우리는 포도당을 직접 섭취하지 않고도 체내에서 포도당을 만들 수 있는 능력을 갖고 있어요. 따라서 우리 몸이 지방 연소 상태에 적응할수록 점차 포도당 의존도가 낮아지며 체내에서 직접 생성하는 포도당만으로도 자생할 수 있어요.

따라서 올바른 방법을 통해 탄수화물 섭취를 서서히 줄이는 것은 안전하고 효과적인 체지방 감량 방법이며 비만부터, 대사성 질환, 암, 치매 등 많은 질병들을 개선 및 예방 가능합니다.",,,https://www.virtahealth.com/blog/why-dont-need-dietary-carbohydrates,최종,프로덕트 웰다
73,식단지 식사,"#금당현상
#금당현상이란
#급격히 탄수화물을 끊었을 때
#탄수화물 의존 부작용","금당현상은 우리 몸이 탄수화물(포도당)을 에너지원으로 쓰는 것에 의존하였을 때 나타나는 현상이에요. 아직 대사 유연성이 활성화되지 않은 상태에서 극단적으로 탄수화물 섭취를 줄이기 시작했을 때 발생할 수 있어요.

금당현상에서 나타는 증상은 우리가 흔히 이야기하는 “당 떨어진다”라고 할 때 나타나는 증상과 비슷합니다.

따라서 웰다에서는 내 몸의 대사 유연성이 활성화되는 속도에 맞추어 하루 식단지 식사를 천천히 도입하는 것을 추천드려요.",,,,최종,프로덕트 웰다
74,식단지 식사,"#식단지 식사 추천재료
#추천 식재료 이미지
#추천 재료 이미지 ","사진을 참고해 식단지 식사를 구성해 보세요! 

사진에 없는 재료는 영양성분을 꼭 확인해 주세요. 웰다는 가공되지 않은 자연 그대로의 식품들을 가장 추천드려요 :)",https://drive.google.com/file/d/1uV9luep30oy5VkhYOxkGavla_niA0u3H/view?usp=drive_link,https://wellcheck-diet-prod.s3.ap-northeast-2.amazonaws.com/coach-answer-guide/74.jpg,,최종,프로덕트 웰다
75,식단지 식사,"#식단지 추천 재료 식이섬유 
#추천 채소류
#추천 버섯
#추천 해조류","웰다가 추천하는 식이섬유 재료를 알려드릴게요~!

✔채소류 추천 리스트

⬡ 가지
⬡ 고사리
⬡ 근대
⬡ 깻잎
⬡ 당근
⬡ 대파
⬡ 로메인
⬡ 루꼴라
⬡ 무우
⬡ 미나리
⬡ 부추
⬡ 브로콜리
⬡ 비트
⬡ 상추
⬡ 샬롯
⬡ 샐러리
⬡ 숙주
⬡ 시금치
⬡ 아스파라거스
⬡ 애호박
⬡ 양배추
⬡ 양상추
⬡ 양파
⬡ 오이
⬡ 청경채
⬡ 치커리
⬡ 취나물
⬡ 케일
⬡ 콜라비
⬡ 콜리플라워
⬡ 콩나물
⬡ 파프리카
⬡ 피망
⬡ 호박
⬡ 호박잎

✔버섯류 추천 리스트

⬡ 느타리버섯
⬡ 목이버섯
⬡ 새송이버섯
⬡ 양송이버섯
⬡ 팽이버섯
⬡ 표고버섯

✔해조류 추천 리스트

⬡ 감태
⬡ 김
⬡ 다시마
⬡ 매생이
⬡ 미역
⬡ 파래",,,,최종,프로덕트 웰다
76,식단지 식사,"#식단지 추천 재료 단백질 
#추천 육류 달걀 
#추천 해산물","웰다가 추천하는 단백질 재료를 알려드릴게요~!

✔육류 및 달걀 추천 리스트

⬡ 간
⬡ 달걀
⬡ 닭근위
⬡ 닭고기
⬡ 돼지고기
⬡ 돼지껍데기
⬡ 메추리알
⬡ 베이컨
⬡ 소고기
⬡ 소세지
⬡ 양고기
⬡ 염통
⬡ 오리고기
⬡ 오소리감투
⬡ 우설
⬡ 육포(no sugar)
⬡ 족발
⬡ 햄
⬡ 허파
⬡ 훈제오리

✔해산물류 추천 리스트

⬡ 가리비
⬡ 가자미
⬡ 갈치
⬡ 고등어
⬡ 굴
⬡ 꽁치
⬡ 꽃게
⬡ 낙지
⬡ 날치알
⬡ 대구
⬡ 도미
⬡ 동태
⬡ 동태알
⬡ 랍스터
⬡ 멸치
⬡ 명태
⬡ 문어
⬡ 바지락
⬡ 방어
⬡ 삼치
⬡ 새우
⬡ 소라
⬡ 숭어
⬡ 연어
⬡ 연어알
⬡ 오징어
⬡ 전복
⬡ 조기
⬡ 주꾸미
⬡ 참치

✔기타 추천 리스트

⬡ 낫또
⬡ 두부",,,,최종,프로덕트 웰다
77,식단지 식사,"#식단지 추천 재료 지방 
#추천 오일 
#추천 유제품
#추천 견과류","웰다가 추천하는 지방 재료를 알려드릴게요~!

✔오일 추천 리스트

⬡ MCT오일
⬡ 들기름
⬡ 마카다미아오일
⬡ 아마씨오일
⬡ 아보카도오일
⬡ 올리브오일
⬡ 참기름
⬡ 코코넛오일
⬡ 햄프씨드오일
⬡ 호두오일
*오일류는 저온 압착 오일로 선택해 주세요!

✔유제품류 추천 리스트

⬡ 고다치즈
⬡ 까망베르치즈
⬡ 리코타치즈
⬡ 모짜렐라치즈
⬡ 무가당그릭요거트
⬡ 버터
⬡ 부라타치즈
⬡ 브리치즈
⬡ 블루치즈
⬡ 사워크림
⬡ 생크림
⬡ 에멘탈치즈
⬡ 체다치즈
⬡ 카이막치즈
⬡ 코티지치즈
⬡ 크림치즈
⬡ 파마산치즈
⬡ 페타치즈

✔견과류 및 기타 추천 리스트

⬡ 깨
⬡ 땅콩
⬡ 마카다미아
⬡ 브라질넛트
⬡ 아몬드
⬡ 아보카도
⬡ 잣
⬡ 치아씨드
⬡ 피스타치오
⬡ 해바라기씨
⬡ 헤이즐넛
⬡ 호두
⬡ 호박씨",,,,최종,프로덕트 웰다
78,식단지 식사,"#식단지식사 집에서 
#식단지 식사 집 추천 
#식단지 식사 집밥 실천 팁 
#식단지 식사 가정에서","✔식단지 식사하기 실천 팁_가정에서!

⬡ 생채소 미리 손질해놓기
⬡ 냉동야채 활용하기
⬡ 드레싱 조합 찾아 맛있게 먹기(소금, 후추, 올리브유, 발사믹 등)
⬡ 나만의 간식 활용하기(당 없는 초콜릿, 견과류 등)
⬡ 곤약 면, 두부 면을 활용하여 면 요리 즐기기
⬡ 밥대신 계란찜, 두부 먹기
⬡ 마녀스프 만들어서 소분해놓기
⬡ 시금치, 계란, 양파, 토마토에 치즈 올려 먹기

다양한 팁을 활용하여 식단지 식사를 수월하게 실천해 보세요.",,,,최종,프로덕트 웰다
79,식단지 식사,"#식단지식사 외식 메뉴 추천 
#외식 추천 메뉴","✔식단지 식사 외식/배달 추천 메뉴

⬡  샤브샤브, 편백찜
⬡  보쌈, 족발, 삼겹살
⬡  스테이크, 소고기 구이
⬡  생선회, 생선구이, 장어구이
⬡  키토 김밥, 키토 유부초밥",,,,최종,프로덕트 웰다
80,식단지 식사,"#식단지식사 외식 배달 
#식단지 식사 외식 실천 팁 
#식단지 식사 족발 보쌈","✔식단지 식사할 때 외식/배달 실천 팁_족발, 보쌈집

⬡ 족발, 보쌈집
① 족발과 보쌈은 충분히 드세요.
② 양념족발, 보쌈김치에는 설탕이 많이 들어가 있을 수 있으니 주의하세요!
③ 상추, 깻잎 등 쌈류는 충분히 드세요.
④ 쌈장 대신 새우젓을 찍어드세요.
⑤ 주먹밥, 막국수는 피해주세요",,,,최종,프로덕트 웰다
81,식단지 식사,#식단지 식사 고기집,"✔식단지 식사할 때 외식/배달 실천 팁_고기집

⬡ 고기집(삼겹살, 목살구이)
① 삼겹살과 목살은 충분히 드세요.
② 양념된 고기는 설탕이 많이 들어가 있을 수 있어요. 주의하세요.
③ 상추, 깻잎 등 쌈류는 충분히 드세요.
④ 쌈장 대신 소금, 와사비, 멜젓을 찍어드세요.
⑤ 밥 대신 계란찜이나 두부를 드세요.",,,,최종,프로덕트 웰다
82,식단지 식사,#식단지 식사 횟집,"✔식단지 식사할 때 외식/배달 실천 팁_횟집

⬡ 생선횟집
① 생선회는 충분히 드세요.
② 상추, 깻잎 등 쌈과 같이 충분히 드세요.
③ 소스는 초장, 쌈장 대신 간장, 와사비를 추천드려요.
④ 초밥, 알밥, 콘치즈를 피해주세요.",,,,최종,프로덕트 웰다
83,식단지 식사,#식단지 식사 육사시미 육회,"✔식단지 식사할 때 외식/배달 실천 팁_육사시미, 육회집

⬡ 육사시미, 육회집
① 육사시미는 충분히 드세요.
② 육회는 설탕이 많이 들어가 있을 수 있어, “설탕제외”를 요청하거나 육회 대신 육사시미를 추천드려요.
③ 육회비빔밥에 밥을 제외하고 채소와 육회만 드세요.
④ 소스는 초장 대신 기름, 소금장을 추천드려요.",,,,최종,프로덕트 웰다
84,식단지 식사,#식단지 식사 양꼬치,"✔식단지 식사할 때 외식/배달 실천 팁_양꼬치집

⬡ 양꼬치집(양꼬치, 양갈비)
① 양꼬치, 양갈비는 충분히 드세요.
② 짜사이무침은 설탕이 많이 들어가 있을 수 있으니 적당량 섭취하세요.
③ 양꼬치에 찍어먹는 쯔란은 마음껏 드셔도 되어요:)
④ 사이드 메뉴로 포두부볶음, 토마토 계란 볶음, 어향가지, 마늘꼬치를 추천드려요.
",,,,최종,프로덕트 웰다
85,식단지 식사,#식단지 식사 오리집,"✔식단지 식사할 때 외식/배달 실천 팁_오리집

⬡ 오리집(생오리로스, 훈제오리, 오리탕)
① 생오리로스, 훈제오리, 오리탕을 선택하여 충분히 드세요.
② 양념구이, 주물럭에는 설탕이 많이 들어가 있을 수 있으니 주의하세요.
③ 쌈류, 버섯류는 충분히 드세요.
④ 볶음밥, 죽, 감자 대신 샐러드나 계란찜을 추천드려요.",,,,최종,프로덕트 웰다
86,식단지 식사,#식단지 식사 닭집,"✔식단지 식사할 때 외식/배달 실천 팁_닭집

⬡ 닭집(닭백숙, 닭한마리, 닭볶음탕)
① 닭백숙, 닭한마리을 선택하여 충분히 드세요.
② 양념구이, 주물럭에는 설탕이 많이 들어가 있을 수 있으니 주의하세요.
③ 상추, 깻잎 등 쌈류는 충분히 드세요.
④ 볶음밥, 죽, 감자 대신 샐러드나 계란찜을 추천드려요.",,,,최종,프로덕트 웰다
87,식단지 식사,#식단지 식사 닭갈비,"✔식단지 식사할 때 외식/배달 실천 팁_닭갈비

⬡ 닭갈비
① 닭고기는 충분히 드세요.
② 닭갈비 양념에 설탕이 많이 들어가 있을 수 있어 “설탕 적게”를 요청하거나, 양념을 덜어내고 드시는 것을 추천드려요.
③ 닭갈비 속 고구마를 주의하세요.
④ 볶음밥, 면사리 대신 계란찜을 추천드려요.",,,,최종,프로덕트 웰다
88,식단지 식사,#식단지 식사 샤브샤브 편백찜,"✔식단지 식사할 때 외식/배달 실천 팁_샤브샤브, 편백찜집

⬡ 샤브샤브, 편백찜집
① 고기와 채소는 충분히 드세요.
② 칼국수, 우동면, 죽, 볶음밥, 감자는 피해주세요.
③ 달콤한 칠리소스, 허니 머스터드소스 대신 간장, 피시소스를 추천드려요.",,,,최종,프로덕트 웰다
89,식단지 식사,#식단지 식사 곱창구이 전골,"✔식단지 식사할 때 외식/배달 실천 팁_곱창구이, 곱창전골집

⬡ 곱창구이, 곱창전골집
① 곱창과 채소는 충분히 드세요.
② 볶음밥, 죽, 면류는 피해주세요. ",,,,최종,프로덕트 웰다
90,식단지 식사,#식단지 식사 치킨,"✔식단지 식사할 때 외식/배달 실천 팁_치킨집

⬡ 치킨집(소금구이, 후라이드)
① 오븐구이 치킨은 충분히 드세요.
② 양념치킨은 설탕이 많이 들어가 있을 수 있어 양념치킨 대신 담백한 소금구이나 후라이드 치킨을 추천드려요.
③ 치킨 무에는 설탕이 많이 들어가 있을 수 있으니 주의하세요!
④ 튀긴 치킨은 혈당에 영향은 적지만 가공된 트랜스지방이 다량 함유되어 우리 몸에 악영향을 줄 수 있어요.",,,,최종,프로덕트 웰다
91,식단지 식사,#식단지 식사 돈가스,"✔식단지 식사할 때 외식/배달 실천 팁_돈가스집

⬡ 돈가스집
① 돈가스 소스는 와사비, 소금을 추천드려요.
② 돈가스와 같이 나오는 샐러드를 먹을 때 소스 없이 드세요.
③ 튀긴 음식은 혈당에 영향은 적지만 가공된 트랜스지방이 다량 함유되어 우리 몸에 악영향을 줄 수 있어요.",,,,최종,프로덕트 웰다
92,식단지 식사,#식단지 식사 장어구이,"✔식단지 식사할 때 외식/배달 실천 팁_장어구이집

⬡ 장어구이집
① 장어는 충분히 드세요.
② 데리야끼구이, 양념구이 대신 소금구이를 추천드려요.
③ 상추, 깻잎 등 쌈류는 충분히 드세요.",,,,최종,프로덕트 웰다
93,식단지 식사,#식단지 식사 생선구이 생선조림,"✔식단지 식사할 때 외식/배달 실천 팁_생선구이, 생선조림집

⬡ 생선구이, 생선조림집
① 생선구이는 원하는 생선을 선택하여 종류에 상관없이 충분히 드세요.
② 생선조림에는 설탕이 많이 들어가 있을 수 있어,  “설탕제외”를 요청하거나 조림 대신 구이를 추천드려요.
③ 나물 반찬은 충분히 드세요.",,,,최종,프로덕트 웰다
94,식단지 식사,#식단지 식사 조개구이,"✔식단지 식사할 때 외식/배달 실천 팁_조개구이집

⬡ 조개집(조개구이, 조개찜, 새우구이, 꽃게찜, 조개전골, 조개삼합)
① 조개, 새우, 꽃게 등 해산물과 고기는 충분히 드세요.
② 초장에는 설탕이 많이 들어가 있을 수 있으니 소량만 섭취하시거나 초장 대신 간장, 와사비 소스를 추천드려요.
③ 해물라면, 죽은 피해주세요.",,,,최종,프로덕트 웰다
95,식단지 식사,#식단지 식사 두부요리,"✔식단지 식사할 때 외식/배달 실천 팁_두부요리집

⬡ 두부요리(두부구이, 두부전골, 두부찜, 순두부탕)
① 두부는 충분히 드세요.
② 두부조림 양념에 설탕이 많이 들어가 있을 수 있으니 주의하세요. 조림 대신 구이, 전골, 찜을 추천드려요.
③ 나물 반찬은 충분히 드세요.",,,,최종,프로덕트 웰다
96,식단지 식사,#식단지 식사 국밥,"✔식단지 식사할 때 외식/배달 실천 팁_국밥집

⬡ 국밥집 (설렁탕, 육개장, 도가니탕, 황태국, 돼지국밥, 콩나물해장국, 양평해장국, 갈비탕)
① 고기와 채소가 많은 국밥을 선택하여 건더기는 충분히 드세요.
② 국밥 안에 순대가 들어있다면 순대 속 당면을 주의하셔야 합니다.
③ 밥, 면 대신 고기추가를 추천드려요.",,,,최종,프로덕트 웰다
97,식단지 식사,#식단지 식사 샐러드 포케,"✔식단지 식사할 때 외식/배달 실천 팁_샐러드, 포케집

⬡ 샐러드, 포케집
① 채소와 고기, 두부는 충분히 드세요.
② 달콤한 소스를 대신 발사믹식초와 올리브오일을 추천드립니다.
③ 포케 속 현미밥, 그래놀라, 고구마를 주의하세요.",,,,최종,프로덕트 웰다
98,식단지 식사,#식단지 식사 양식,"✔식단지 식사할 때 외식/배달 실천 팁_양식집

⬡ 양식집(스테이크, 샐러드)
① 스테이크와 샐러드를 충분히 드세요.
② 스테이크 소스는 홀그레인 머스타드나 소스없이 드시는 것을 추천드려요.
③ 샐러드 소스는 발사믹식초와 올리브유를 추천드려요.
④ 스프, 달콤한 매쉬드 포테이토, 파스타를 피해주세요.",,,,최종,프로덕트 웰다
99,식단지 식사,#식단지 식사 마라탕 마라샹궈 훠궈,"✔식단지 식사할 때 외식/배달 실천 팁_마라탕, 마라샹궈, 훠궈집

⬡ 마라탕, 마라샹궈, 훠궈집
① 고기와 채소, 두부는 충분히 드세요.
② 옥수수면, 분모자, 소면, 칼국수면, 중국당면 대신 곤약말이, 곤약면을 드세요.
③ 감자를 주의하세요.",,,,최종,프로덕트 웰다
100,식단지 식사,#식단지 식사 베트남음식 베트남,"✔식단지 식사할 때 외식/배달 실천 팁_베트남 음식집

⬡ 베트남 음식집(공심채볶음, 껌승, 분짜)
① 껌승을 시켜서 밥 대신 고기와 채소를 충분히 드세요.
② 분짜의 면을 빼고 채소와 고기를 소스에 찍어서 드세요.
③ 공심채볶음은 마음껏 드셔도 되어요:)",,,,최종,프로덕트 웰다
101,식단지 식사,#식단지 식사 멕시코음식 타코,"✔식단지 식사할 때 외식/배달 실천 팁_멕시코 음식집

⬡ 멕시코 음식집(타코보울, 파히타, 멕시칸 샐러드)
① 타코보울, 파히타를 시켜서 고기와 채소를 충분히 드세요.
② 나쵸와 또띠아를 빼고 드세요.
③ 멕시칸 샐러드에 소스 따로를 요청하여 소량만 찍어서 드세요.
④ 칠리소스 대신 과카몰리는 충분히 드세요.",,,,최종,프로덕트 웰다
102,식단지 식사,"#식단지 식사 쌈밥 
#식단지 식사 쌈밥집","✔식단지 식사할 때 외식/배달 실천 팁_쌈밥집

⬡ 쌈밥집(생선쌈밥, 제육쌈밥, 불고기쌈밥, 고기구이 쌈밥)
① 나물, 쌈류, 생선, 고기반찬은 충분히 드세요.
② 양념류 대신 구이 메뉴를 추천드려요.
③ 쌈장 대신 소금을 추천드려요. ",,,,최종,프로덕트 웰다
103,식단지 식사,"#식단지 식사 편의점 예시 
#식단지 편의점 추천 
#식단지 편의점 실천 팁 
#식단지 쇼핑리스트","✔식단지 식사 실천 팁!_편의점

⬡ 식이섬유
  - 샐러드
  - 채소스틱
  - 김
  - 다시마튀각

⬡ 단백질
  - 닭가슴살
  - 족발, 편육
  - 조미되지 않은 육포, 쥐포, 먹태
  - 치즈
  - 난류(훈제란, 반숙란, 메추리알)
  - 무가당 요거트
  
⬡ 지방
  - 견과류
  - 방탄커피
  - 버터
  - 아몬드우유(언스위트)
",,,,최종,프로덕트 웰다
104,"혈당과 체지방
대사적 유연성","#체지방 연소를 늘리는 방법 
#대사 유연성 활성화 방법 
#인슐린 저항성 개선 방법","체지방은 우리 몸의 대사 유연성이 활성화된 상태에서 효과적으로 연소될 수 있어요. 

따라서 혈당 스파이크를 예방하여 대사 유연성을 활성화시키기 시작했다면 이제 우리 몸의 쌓인 지방을 에너지로 쓰도록 유도하여 체지방 연소를 늘려주세요.

체지방 연소를 늘리기 위해서는 체지방을 에너지로 더 많이 쓰게 하는 방법들과 체지방 연소를 방해하는 요소를 차단하는 방법이 있어요. ",,,,최종,프로덕트 웰다
105,간헐적 단식,"#간헐적단식 
#간헐적 단식 방법 
#간헐적 단식 시간","간헐적 단식은 대사 유연성을 활성화시키고 체지방 연소를 늘리는 효과적인 방법이에요. 

일반적인 간헐적 단식 방법은 마지막 음식물을 섭취한 시점에서 12시간 이상 공복을 유지하는 것이에요. 내 몸이 아직 지방을 연료로 사용하는데 익숙하지 않다면 혈당 스파이크를 최소화하면서 대사 유연성을 활성화시키려는 노력이 병행되어야 합니다!

간헐적 단식이 처음이라면 12시간부터 시작해 내 몸에 귀를 기울이며 천천히 단식 시간을 늘려가 보세요! 내 몸의 쌓인 지방을 에너지원으로 사용하는 기능이 활성화될수록 간헐적 단식이 점차 수월해지는 경험을 할 수 있을 거예요 :)",https://drive.google.com/file/d/1xiydgvsTxurGKMhXyAgbg4ljg5YoU5_h/view?usp=drive_link,https://wellcheck-diet-prod.s3.ap-northeast-2.amazonaws.com/coach-answer-guide/105.jpg,,최종,프로덕트 웰다
106,간헐적 단식,"#간헐적 단식 후 식사 
#첫끼 
#첫 식사 
#첫 끼 식사의 중요성","하루 첫 끼 식사의 혈당 곡선이 그날의 하루에 큰 영향을 줄 수 있어요.

특히 간헐적 단식이 끝나고 공복인 상태에서 음식을 무분별하게 먹으면 우리 몸은 예민하게 반응하여 혈당 변화가 크게 나타날 수 있습니다.

급격하게 상승하는 혈당으로 인해 간헐적 단식 기간에 안정화된 인슐린 수치가 다시 요동치며 우리 몸이 인슐린 저항성을 개선할 시간을 주지 않게 되어요. 이는 대사 유연성 활성화를 방해하고 혈당 스파이크로 인한 증상들(가짜 배고픔, 식곤증,  당 떨어짐, 허기짐)로 인해 간헐적 단식을 힘들게 해요.

따라서, 간헐적 단식을 실천할 때는 혈당 곡선을 완만하게 만드는 방법들을 병행하여 혈당 상승을 최소화하는 것이 중요합니다.",,,,최종,프로덕트 웰다
107,간헐적 단식,"#첫 끼와 아침 식사의 차이 
#첫 끼 아침식사 
#breakfast ","일반적으로 첫 끼라고 하면 대부분 기상 후 오전에 먹는 아침 식사를 떠올려요. 하지만 첫 끼는 꼭 기상 후 아침 시간의 식사를 이야기하는 것이 아니에요.

영어로 아침 식사를 breakfast라고 불러요  ‘break’ 깨다 그리고 ‘fast’는 단식으로, ‘breakfast’는 단식을 깨는 하루의 첫 식사를 의미하는 단어입니다. 많은 사람들이 아침 식사를 하루에 가장 중요한 끼니로 이야기하지만, 사실은 아침보다는 첫 끼가 하루의 가장 중요한 끼니인 것이에요!",,,,최종,프로덕트 웰다
108,간헐적 단식,"#간헐적단식 원리
#간헐적 단식 원리","간헐적 단식의 원리는 간단해요!

우리가 공복 상태를 유지하면 혈당이 안정화되어 대사 유연성이 활성화 되는 데 도움을 주어요. 그리고 공복 상태에서 우리 몸은 지방 연소 모드에 돌입하여 체지방 연소를 늘릴 수 있게 됩니다. 우리 몸의 대사 유연성이 활성화되면 간헐적 단식이 쉬워지고, 저장된 지방을 더욱 효과적으로 연소할 수 있게 되어요. 

간헐적 단식을 실천하여 우리 몸의 체지방 연소 모드를 활성화 해주세요!",https://drive.google.com/file/d/1inyPAI0ZFXqaxzoDXj757WaUlIck9n21/view?usp=drive_link,https://wellcheck-diet-prod.s3.ap-northeast-2.amazonaws.com/coach-answer-guide/108.jpg,,최종,프로덕트 웰다
109,간헐적 단식,"#간헐적단식 효과 
#간헐적 단식 효과","간헐적 단식은 우리 몸이 소화로부터 휴식과 재정비하는 시간을 주어 체지방 감량을 포함하여 여러 이로운 효과가 있답니다!

- 간헐적 단식 효과
⬡ 인슐린 저항성 개선과 대사 유연성 활성화
⬡ 체지방 연소 증가
⬡ 우울 및 기분 장애 개선
⬡ 신체의 자가 치유력을 높이는 자가 포식 상태

간헐적 단식 효과에 대해 추가적인 질문이 있으시면 제가 더 자세히 답변드릴게요! ",,,"https://www.ncbi.nlm.nih.gov/pmc/articles/PMC7592042/ 

https://jamanetwork.com/journals/jamainternalmedicine/article-abstract/2794819

",최종,프로덕트 웰다
110,간헐적 단식,"#식후상태 
#식후 상태
#식사 후 상태","식후 상태란 우리가 식사 후 먹은 음식을 소화하고 영양소를 흡수하는 상태를 말해요. 

우리 몸이 식후 상태에 돌입하면, 방금 섭취한 음식을 소화하기 위해 많은 에너지가 사용되어 지방을 저장하는 시스템이 활성화되는 반면, 지방을 연소하는 시스템과 면역계를 포함한 다른 이로운 시스템은 멈추게 됩니다. 이러한 식후 상태는 식사 후 평균 4시간 정도 진행되어요. 하루의 세 끼를 먹고 간식까지 먹으면 하루 중 대부분을 식후 상태로 보내는 것이에요. 

간헐적 단식을 실천하여 식후 상태의 시간을 줄이고 공복 시간을 늘려 이로운 효과를 경험해 보세요.",,,,최종,프로덕트 웰다
111,간헐적 단식,"#자가포식
#오토파지
#자가 치유 
#공복 상태  
#소화관 벽 청소","자가포식은 인체 시스템을 자가 치유하는 상황을 말해요.

공복 상태에서 우리 몸은 손상된 세포를 처리하고 재활용하여 새로운 세포를 만들고 자가치유하고 면역력을 높일 수 있게 되어요. 이러한 상황을 자가포식이라고 해요. 자가포식은 비정상적인 세포를 제거하는 데 효과적이에요. 우리가 몇 시간 동안 음식을 먹지 않았을 때 뱃속에서 나는 꼬르륵 소리는 배고프다는 신호가 아니라 비워진 소화관 벽을 청소하는 소리일 수 있어요.

자가포식을 통해 우리 몸의 시스템을 자가치유하고 치매, 파킨슨병, 암 등 여러 치명적인 질환을 자연적으로 예방해 보세요.",,,https://www.bbc.com/korean/international-61139296,최종,프로덕트 웰다
112,간헐적 단식,"#간헐적단식 실천 팁 
#간헐적 단식 잘하는 방법 
#간헐적 단식 꿀팁","✔간헐적 단식 실천 팁!

⬡ 12시간부터 천천히 시작하기
- 자신의 생활 패턴과 몸 상태에 맞춰 12시간부터 천천히 시간을 늘려주세요.

⬡  트리거 푸드 없애기
- 나를 유혹하는 음식을 눈앞에서 치우거나 접근하기 어려운 환경을 만들어 보세요. 

⬡  단식 중 먹을 수 있는 식품 활용하기(물, 탄산수, 아메리카노, 차 등)

⬡  타이머 사용하기

⬡  거짓 배고픔 20분만 참아보기
- 단식 중 갑자기 허기가 질 때 20분만 참아보세요. 실제로 음식이 필요하지 않은 거짓 배고픔 일 수 있어요.

⬡  혈당 스파이크와 음주 줄이기
- 전날 발생한 혈당 스파이크와 음주는 지방 연소를 방해하여 다음 날 간헐적 단식을 힘들게 해요.",,,,최종,프로덕트 웰다
113,간헐적 단식,"#간헐적 단식 누구나 할 수 있나요 
#간헐적 단식 대상 
#노인 어린이 청소년 임신 질병","간헐적 단식은 건강한 사람이면 누구나 실천 가능한 다이어트 방법이에요! 

다만, 65세 이상 노인, 성장기 어린이 및 청소년, 임신한 여성, 질병 유무에 따라 전문의와 상의 후 실천 여부를 결정해 주세요.",,,,최종,프로덕트 웰다
114,간헐적 단식,"#간헐적단식 영양제 
#간헐적 단식 중 영양제
#영양제","단식 중에는 알약 형태의 일반적인 영양제는 섭취해도 괜찮아요.

일반적인 영양제가 아닌 식품으로 가공된 젤리류, 캔디류, 가루류, 스틱류의 영양제는 다량의 당류가 함유되어 있어 피해주시고, 영양제의 복용 전 영양성분표와 복용 권장 시간을 확인하여 섭취해 주세요!",,,,최종,프로덕트 웰다
115,간헐적 단식,"#간헐적단식 약
#간헐적 단식 중 약",단식 중 약을 복용할 때는 의사나 약사가 안내한 약 복용법을 따라주세요.,,,,최종,프로덕트 웰다
116,간헐적 단식,"#간헐적단식 술 
#간헐적 단식 중 음주","간헐적 단식 중 술을 마시면 단식이 깨지고 지방 연소 모드가 중단되어요.

술의 알코올을 마시면 체지방 감소가 방해되고 자가포식이 억제되어요. 따라서 단식 중에는 알코올을 섭취를 피해야 합니다. 이렇게 하면 단식의 효과를 유지하고 체지방을 더 효과적으로 연소할 수 있어요.",,,,최종,프로덕트 웰다
117,간헐적 단식,"#간헐적단식 괜찮아요 
#간헐적 단식 위험하지 않아요
#간헐적 단식 해도 되나요 ","간헐적 단식은 우리가 예전부터 자연적으로 실천해 온 안전한 식사 방법이에요.

과거에 인간은 음식 확보에 불규칙한 상황을 겪고 비축해놓은 체지방을 유연하게 사용할 수 있게 진화해왔어요. 하지만 우리는 쉴 새 없이 다양한 음식을 하루 종일 먹으면서 지방을 축적하고, 에너지원으로 사용할 시간을 주지 않아 많은 문제가 발생하고 있어요. 우리 몸은 생각보다 간헐적 단식에 잘 적응할 수 있어요.

간헐적 단식을 실천하여 우리 몸의 휴식과 재정비할 시간을 주어 이로운 효과를 경험해 보세요.",,,,최종,프로덕트 웰다
118,간헐적 단식,"#간헐적단식 근육 유지
#간헐적 단식 근육 생성
#단식 근육 감소 오해
#성장호르몬","간헐적 단식은 근육량을 유지하면서 체지방 감량을 돕는 방법이에요.

공복 상태에서 인슐린 분비가 안정화되면 성장호르몬의 분비가 촉진되는데, 성장호르몬은 근육의 합성과 유지에 도움을 주어요. 성장호르몬 덕분에 근육이 온전히 유지될 수 있어요. 단식을 깨기 전, 성장호르몬이 많이 분비된 상태에서 운동을 하면 근육 성장이 촉진될 수 있어요. 게다가 간헐적 단식은 대사 유연성 활성화에 도움을 주고, 체지방 연소를 늘려줘요. 

일반적인 활동량을 가진 성인의 경우, 간헐적 단식을 하며 충분한 단백질(하루 1.2~1.5g/kg) 섭취를 하고 근력 운동을 병행한다면, 우리 몸의 근육은 늘리고 지방은 감량할 수 있어요.",,,https://www.mdpi.com/2072-6643/12/8/2349,최종,프로덕트 웰다
119,간헐적 단식,"#간헐적단식 아침 식사
#간헐적 단식 아침 결식
#아침 식사 꼭 먹어야 하나요
#간헐적 단식 아침 결식
#아침 밥 ","아침 식사는 개인의 생활 패턴에 맞춰서 하는 것이 좋아요.

아침은 우리 몸이 민감한 시간으로 혈당 스파이크를 일으키는 음식을 먹으면, 하루의 컨디션에 악영향을 줘요. 아침 식사를 한다면 식이섬유, 단백질, 좋은 지방으로 구성된 식사를 통해 혈당을 안정화시키는 것이 중요해요.

하지만 배가 고프지 않고 식사가 필요하지 않다고 느껴진다면, 아침 식사를 하지 않아도 되어요. 우리 몸은 아침 식사 없이도 혈당 농도를 유지하고 에너지를 생산할 수 있도록 호르몬을 분비해요.

아침 식사는 필수가 아닌 선택입니다. 개인의 생활 패턴에 맞추어 아침 식사를 선택해 주세요.",,,,최종,프로덕트 웰다
120,간헐적 단식,"#간헐적 단식 천천히 
#간헐적 단식 처음","간헐적 단식이 처음이라면 12시간부터 시작해 천천히 시간을 늘려가는 것이 중요해요.

대사 유연성이 활성화되지 않은 상태에서 긴 시간 동안의 단식을 시도하면 단식 중 금당현상(피로감, 어지러움, 두통 등)을 느낄 수 있어요. 내 몸의 신호를 주의 깊게 듣고 무리가 가지 않는 시간까지 천천히 늘려가는 것이 중요합니다.",,,,최종,프로덕트 웰다
121,간헐적 단식,"#간헐적 단식 효과 시간 개인차 
#자가포식 효과 시간 
#단식 효과 개인차","간헐적 단식 실천 시간별 효과는 개인의 건강 상태, 대사 유연성 활성화, 인슐린 민감도 등 다양한 요인에 따라 다를 수 있어요. 

일반적으로 간헐적 단식 시간을 길게 유지하는 것이 대사 유연성 활성화, 체지방 연소 증가, 자가 포식의 효과가 높을 수 있어요. 그러나 간헐적 단식의 효과를 빨리 보고 싶다고 해서 무리하게 시간을 늘렸다가는 부작용(금당현상)이 발생할 수 있기 때문에 내 몸에 맞게 서서히 시간을 늘려가는 것이 중요합니다.",,,,최종,프로덕트 웰다
122,간헐적 단식,"#간헐적 단식 제로 칼로리
#간헐적 단식 무당
#간헐적 단식 인공감미료","간헐적 단식 중 인공감미료를 섭취하면 단식이 깨지고 지방 연소 모드가 중단될 수 있어요.

인공감미료는 인슐린 분비를 촉진시켜 혈당이 떨어지고 오히려 허기짐을 유발할 수 있어요. 또한 인슐린 분비를 촉진시켜 인슐린 저항성 개선을 방해하여 대사 유연성 활성화를 늦출 수 있어요. 간헐적 단식의 효과가 상쇄되는 것이에요. 간헐적 단식 중에는 무당/제로 음료 대신 간헐적 단식을 깨지 않는 음료를 활용해 주세요.",,,,최종,프로덕트 웰다
123,간헐적 단식,"#간헐적 단식 시간 연장
#간헐적 단식 24시간이상","24시간까지의 간헐적 단식이 익숙한 몸이 되면 다양한 방식을 시도해 봐도 좋아요.

우리 몸은 어떤 상황이든 적응을 하는 습성을 갖고 있어요. 동일한 방식의 간헐적 단식을 오랜 기간하면 어느 순간 정체기가 올 수 있어요. 따라서, 시중에 알려진 다양한 간헐적 단식 방식들을 찾아보고 무리가 가지 않는 선에서 새로운 변화를 주시는 것이 좋습니다!",,,,최종,프로덕트 웰다
124,숨이 차는 운동,"#숨차는 운동
#숨이 차는 운동 방법 
#고강도 인터벌 트레이닝
 #HIIT","숨이 차는 운동은 인슐린 저항성을 개선하고 체지방 연소량을 증가시키는 효과적인 방법이에요!

숨이 차는 운동을 할 때에는 자신에게 맞는 운동을 선택하여 숨이 찰 정도의 강도로 실천해 주세요. 우리 몸이 운동에 익숙해지면 강도를 점진적으로 높여나가는 것이 좋아요.

숨이 차는 운동에는 체지방을 빠르게 연소시킬 수 있는 고강도 인터벌 트레이닝(HIIT) 방법이 있어요. HIIT 운동은 강도 높은 운동과 휴식을 번갈아 하면서 체지방을 효율적으로 감소시키는 방법으로 투자한 시간 대비 체지방을 효과적으로 태울 수 있습니다.",,,,최종,프로덕트 웰다
125,숨이 차는 운동,"#숨차는 운동 원리 
#숨이 차는 운동 효과  ","우리가 운동을 할 때 숨이 차다는 것은 에너지가 연소되고 있다는 것이에요.

우리 몸은 포도당과 지방을 에너지로 만들기 위해 산소를 재료로 이용합니다. 즉, 우리가 운동을 하면서 숨이 차는 것은 더 많은 에너지원을 연소하고 있을 때 나타나는 현상이에요. 높은 강도로 운동할수록 에너지를 내기 위해 훨씬 더 많은 에너지원을 연소시킵니다. 또한 숨이 차는 운동을 하게 되면 48시간까지 인슐린 민감도가 올라가며, 꾸준히 하게 되면 인슐린 저항성 개선에도 효과가 있다고 해요.

따라서, 숨이 차는 운동을 실천하면 대사 유연성 활성화에 도움을 주고 더 나아가 체지방 연소량을 증가시킬 수 있어요.",,,"https://pubmed.ncbi.nlm.nih.gov/8028502/#full-view-affiliation-1
",최종,프로덕트 웰다
126,숨이 차는 운동,"#숨차는 운동 예시
#숨이 차는 운동 예시 
#숨이 차는 운동 추천 
#HIIT 추천
#숨차는 운동 주의사항 
#숨이 차는 운동 주의사항","✔숨이 차는 운동 예시!
⬡ 자전거 타기: 40초간 빠르게 밟기 → 20초 동안 천천히 밟기 *반복
⬡ 제자리 달리기: 40초간 빠르게 달리기 → 20초간 가볍게 달리기 *반복
⬡ 뛰기, 점프: 40초간 빠르게 뛰기→ 20초 동안 천천히 하기 *반복
⬡ 버피 운동: 40초간 버피 운동 빠르게 하기 → 20초 동안 천천히 하기  *반복
⬡ 마운틴 클라이머:  40초간 마운틴 클라이머 빠르게 하기 → 20초 동안 휴식하기  *반복

✔숨이 차는 운동 주의사항
운동이 처음이라면 건강 상태와 체력 수준에 따라 강도와 시간을 설정하시고, 체력 수준 향상에 따라 점진적으로 강도와 시간을 늘려주세요.",https://drive.google.com/file/d/1uyyTfX95IygPBD_Spp5mvs4hqn7CJ_fi/view?usp=drive_link,https://wellcheck-diet-prod.s3.ap-northeast-2.amazonaws.com/coach-answer-guide/126.jpg,,최종,프로덕트 웰다
127,숨이 차는 운동,"#숨차는 운동 실천 팁 
#숨이 차는 운동 실천 팁 ","✔숨이 차는 운동 실천 팁!

⬡ 현실 가능한 운동부터 시작하기
- 현실 가능한 목표를 설정한 후 서서히 목표를 올려 보세요.

⬡ 운동 기록하기
- 운동 기록과 인증샷을 남겨 자신의 변화를 점검해 보세요.

⬡ 좋아하는 음악으로 운동 플레이 리스트 만들기
- 운동을 하며 좋아하는 음악을 듣는다면 운동이 어느 순간 좋아질 거예요.

⬡ 운동 파트너 만들기
-혼자 하는 것보다 누군가와 함께 한다면 운동 지속에 도움이 될 수 있어요.

⬡ 운동 영상 활용하기
- 유튜브 다양한 운동 영상을 찾아보고 나에게 맞는 운동을 실천해 주세요. 

⬡ 간헐적 단식 끝나기 직전 운동하기
- 간헐적 단식 끝나기 직전 운동을 하면 근육 성장이 촉진될 수 있어요.

⬡ 간단한 빠른 에너지원 소량 먹기
- 공복 운동 전 기운이 없다면 바나나 같은 빠른 에너지원을 소량 섭취해 보세요.",,,,최종,프로덕트 웰다
128,숨이 차는 운동,"#숨이 차는 운동 영상
#숨이 차는 운동 동영상
#숨이 차는 운동 링크","⬡ 무조건 살 빠지는 운동 8분 루틴!
https://youtu.be/h82ISajwZOQ?si=iYlTukx1KU4rIX2J",,,,최종,프로덕트 웰다
129,숨이 차는 운동,"#운동 전 탄수화물
#운동 전 에너지 공급","공복 운동 전 기운이 없다 느껴진다면 바나나, 고구마 같은 빠른 에너지원을 소량 섭취해 보세요. 

섭취한 탄수화물은 혈당 스파이크로 이어지지 않고 운동 시의 에너지로 바로 사용될 수 있어요.",,,,최종,프로덕트 웰다
130,숨이 차는 운동,"#운동 혈당 스파이크 
#호르메시스 스트레스
#운동 후 혈당이 올랐어요 
#운동 혈당 상승","강도 높은 운동을 하면 혈당 스파이크가 발생할 수 있어요.
 
우리 몸이 강도 높은 운동을 하면 사용하기 좋은 에너지원인 포도당을 혈류로 내보내요. 이로 인해 일시적인 혈당 스파이크가 발생할 수 있어요. 강도 높은 운동으로 인한 혈당 스파이크는 우리 몸이 스트레스에 반응하는 자연스러운 반응으로, 우리 몸이 큰 스트레스가 왔을 때 견뎌내는 힘을 길러주는 효과가 있습니다. 또한 근육의 포도당 흡수 능력을 키워 장기적으로 혈당 조절에 도움을 주어요.

따라서 숨이 차는 운동을 꾸준하게 실천하면 우리 몸의 체지방 감량과 더불어 긍정적인 효과를 줄 수 있어요.",,,,최종,프로덕트 웰다
131,숨이 차는 운동,"#낮 밤 언제 운동 
#낮 밤 운동 시간 ","낮과 밤, 시간에 상관없이 조금이라도 운동을 하면 체지방 연소에 긍정적인 영향을 줄 수 있어요.

또한, 시간에 상관없이 간헐적 단식 종료 직전 숨이 차는 운동을 하는 것이 체지방 연소와 근육 생성에 효과적일 수 있어요. 개인의 생활 패턴을 고려하여 지속적이고 효과적으로 운동을 실천할 수 있도록 운동 시간을 설정해 주세요.",,,,최종,프로덕트 웰다
132,"숨이 차는 운동
간헐적 단식","#간헐적 단식 숨이 차는 운동 
#단식 운동 언제 ","간헐적 단식 시간을 활용하여 운동 시간을 설정한다면 체지방 연소와 근육 성장을 극대화할 수 있어요.

간헐적 단식을 실천하면 인슐린과 혈당 수치가 안정화되며, 근육 생성과 유지에 필요한 호르몬이 촉진됩니다. 이를 활용하여 간헐적 단식이 끝날 때 운동을 하면 우리 몸은 저장된 지방을 에너지로 활용하여 체지방 연소를 촉진하고, 근육 성장은 촉진됩니다. 또한, 운동 직후 식사를 통해 근육 성장과 회복에 필요한 영양소가 빠르게 공급되어 근육 생성이 더욱 촉진될 수 있습니다.

따라서 운동 시간을 설정할 때는 간헐적 단식 시간을 고려하는 것을 추천드려요.",,,,최종,프로덕트 웰다
133,"숨이 차는 운동
식후 활동","#식후활동 공복운동 차이 
#식후 활동 공복 운동 비교
#식후 활동 공복 운동 효과","
운동할 때 공복 상태 여부에 따라 우리 몸에 미치는 영향에 차이가 있어요.

식후 상태에 격한 운동을 하면 소화에 필요한 에너지가 운동에 사용되어 소화가 힘들 수 있어요! 식후에는 숨이 차지 않는 가벼운 활동을 통해 소화에 도움을 주고 혈당을 안정화시켜 주세요.

반면에 공복 상태에서 숨이 차는 운동을 하면 운동에 에너지를 사용할 수 있어 체지방 연소에 더욱 효과적일 수 있어요. 

웰다는 간헐적 단식 종료 직전에 숨이 차는 운동을 하고, 맛있는 음식을 바로 드시는 것을 가장 추천드려요!",,,,최종,프로덕트 웰다
134,숨이 차는 운동,"#숨이 차는 운동 시간
#운동 지속 시간 
#얼마나 운동 
#운동 시간 ","운동 지속 시간은 운동 강도에 따라 달라질 수 있어요.

HIIT 운동과 같이 강도가 높은 운동은 짧은 시간 안에도 숨이 차고 땀이 날 수 있어요. 하지만 강도가 낮은 운동은 숨이 찰 만큼 하려면 더 오랜 시간이 필요해요. 

숨이 찰 정도의 강도로 최소 5분씩 주 3회 이상 실천해 주세요!",,,,최종,프로덕트 웰다
135,금주,"#금주 
#금주하기 
#금주하는 방법","금주는 체지방을 효과적으로 감소시키기 위해 반드시 지켜야 하는 중요한 방법이에요.

술을 마시면 우리 몸은 지방 연소를 중단하고 지방을 쉽게 축적하여 체지방 감량 과정을 늦출 수 있어요.

우리가 간헐적 단식과 식단지 식사를 실천하여 체지방 연소를 늘려주었다면 체지방 연소를 방해하는 요소인 알코올을 제한해야 체지방이 더욱 효과적으로 연소될 수 있어요.",,,,최종,프로덕트 웰다
136,금주,"#금주 원리 
#금주하기 효과","음주는 체지방 연소를 늦추고 체지방 축적을 촉진할 수 있어요.

술을 마시면 우리 몸은 알코올을 최우선으로 처리하게 되어, 이로 인해 일시적으로 체지방 연소가 멈출 수 있어요. 또한, 술을 마시면 포만감을 느끼는 기능이 마비되어 폭식을 유도하고 결과적으로 지방 축적을 촉진할 수 있습니다.

게다가 술을 마시면 일시적으로 떨어진 대사 유연성으로 인해 허기가 지고, 근육 성장을 방해하여 운동 효과를 감소시킬 수 있어요. 

음주는 우리가 그동안 노력하여 만들어 놓은 다이어트 과정을 방해해요. 따라서 금주하기는 다이어트 노력을 수포로 돌리지 않기 위한 중요한 습관이에요.",https://drive.google.com/file/d/1NGcyFxy7JNHQGuk7NQx-dob2eqOTIE6u/view?usp=drive_link,https://wellcheck-diet-prod.s3.ap-northeast-2.amazonaws.com/coach-answer-guide/136.jpg,https://www.drberg.com/blog/how-much-alcohol-will-stop-weight-loss-and-ketosis,최종,프로덕트 웰다
137,금주,"#금주 실천 팁
#금주하기 실천 팁
#금주 실천하기","✔금주하기 실천 팁!

⬡ 술자리 피하기
-음주를 하게 되는 상황을 피하세요.

⬡ 술자리 빈도 줄이기
- 술자리 빈도를 서서히 줄여보세요.

⬡ 술을 대체할 음료 찾기(탄산수, 차, 물 등)
-술자리에 가야 한다면 대체할 음료를 찾아보세요.

⬡ 술자리 대안 활동 찾기
-저녁시간에 운동을 하거나, 영화를 보거나, 취미 활동을 실천해 보세요.

⬡ 금주 목표에 대해 주변에 공유하기
-주변에 금주 목표에 대해 공유하고 도움을 요청하세요.",,,,최종,프로덕트 웰다
138,금주,"#술자리 대처법
#술자리 대처 
#술자리 실천 팁","✔술자리 대처하는 팁!

술은 가능한 피하는 것이 좋아요. 하지만 술을 마셔야 한다면 아래의 팁을 활용하여 영향을 최소화해주세요.

⬡  안주는 식단지 위주로 선택하기
⬡  당이 많은 술 피하기(하이볼, 칵테일, 달콤한 와인, 소다류) 
⬡  술의 적당한 양 미리 정해 놓기
⬡  수분 충분히 섭취하기
⬡  음주 다음 날 간헐적 단식하기",,,,최종,프로덕트 웰다
139,금주,"#술 저혈당 
#음주 저혈당
#알코올 저혈당 
#공복 상태 음주","술을 마시면 저혈당이 발생할 수 있어요. 

우리가 술을 마시면 간은 알코올 해독을 우선적으로 처리해요. 알코올을 해독하는 동안 혈당 공급이 느려져 저혈당이 발생할 수 있어요. 특히 공복 상태에서 술을 마시면 저혈당이 발생할 가능성이 높아져요.

그러나 술을 마신 뒤 혈당이 내려갔다고 해서 혈당이 안정화되었다고 생각하면 안 돼요. 간은 알코올 해독을 우선적으로 처리할 뿐, 혈당 반응과는 별개로 지방 연소 상태를 방해하여 체지방 감량을 늦출 수 있어요.",,,,최종,프로덕트 웰다
140,금주,"#음주 폭식 
#음주 허기짐 
#음주 포만감","술을 마시면 허기짐과 폭식을 유발할 수 있어요.

우리가 술을 마시면 혈당 공급이 느려져 혈당이 떨어지게 됩니다. 이렇게 되면 우리는 허기지고 당 떨어짐을 느껴 계속해서 음식을 갈망하게 되어요. 술을 마시고 집에 돌아와서 계속해서 음식을 찾게 된다면, 술로 인한 혈당 변화 때문일 수 있어요. 또한 술은 포만감을 느끼게 해주는 기능을 억제하여 폭식을 유발할 수 있어요.",,,,최종,프로덕트 웰다
141,혈당 스파이크,"#혈당스파이크 예방법 
#혈당 스파이크 예방 방법","다양한 음식을 먹으면서 혈당 스파이크를 예방할 수 있어요.

식사 전 식초를 섭취하고, 식사 중에는 식사 순서를 바꿔 먹고, 식사 후 식후 활동을 병행하면 우리는 먹고 싶은 음식을 항상 양보하지 않아도 혈당 스파이크를 예방하고 체지방 생성을 줄일 수 있어요.",https://drive.google.com/file/d/1qhai-CJI1Vq2L1H0aAhh7ugjzZHTVK7L/view?usp=drive_link,https://wellcheck-diet-prod.s3.ap-northeast-2.amazonaws.com/coach-answer-guide/141.jpg,,최종,프로덕트 웰다
142,기타 건강 지식,"#혈당 하락
#혈당 하강
#혈당 안정화
#정상 혈당 유지","오랜 시간 혈당이 높은 상태로 유지되면 우리 몸은 손상을 입을 수 있어요. 과잉의 포도당이 혈류에 유입되어 혈당 수치가 높아지면 우리는 빠르게 혈당 수치를 안정화해야 해요. 

하지만 상승한 혈당 수치를 안정화하는 것보다 더욱 중요한 것이 있어요. 우리 몸의 혈당 상승을 최소화하려는 노력이 선행되어야 해요. 혈당이 혈당 스파이크 발생 없이 완만하게 상승하면 우리 몸은 수월하게 혈당 수치를 안정화할 수 있어요.  ",,,,최종,프로덕트 웰다
143,기타 건강 지식,"#혈당 상승 개인차 
#혈당 상승 시간 폭 개인차
#혈당 상승 차이 요인","음식 섭취 후 혈당 상승 속도와 상승 폭은 여러 가지 요인에 의해 영향을 받아요.

식사 구성, 식사의 양, 인슐린 민감도, 운동 여부, 개인의 건강 상태, 공복 상태 등에 따라 혈당 상승 속도와 상승 폭이 다를 수 있습니다.",,,,최종,프로덕트 웰다
144,기타 건강지식,"#저혈당 대처법 
#어지러움 
#식은 땀 
#오한 
#떨림","혈당이 기준보다 낮고 어지럼증, 식은 땀, 오한 떨림의 증상이 나타난다면 저혈당이 발생했을 가능성이 있어요. 당황하지 마시고 아래의 조치를 따라 해 보세요.

① 잠시 휴식을 취해 주세요.
② 휴식을 취해도 증상이 완화되지 않는다면 꿀, 주스, 사탕과 같은 탄수화물과 약간의 단백질을 섭취해 보세요.

아직 내 몸이 지방을 에너지로 쓰는 것에 익숙하지 않아 발생하는 현상일 수 있습니다. 조치를 취한 후에도 증상이 지속된다면 의료진과 상담을 통해 적절한 조치를 취해주세요.",,,,최종,프로덕트 웰다
145,사용방법,"#연속혈당측정기 고혈당
#리브레 고혈당
#100mg/dL 이상
#고혈당 증상
","일반적으로 공복 혈당이 60~ 100mg/dL 을 건강한 혈당이라고 해요. 하지만 연속혈당측정기로 측정한 혈당이 100mg/dL가 넘는다고 해서 너무 걱정하지 마세요! 연속혈당측정기는 실제 혈당 수치와 일부 차이가 있을 수 있으며, 일시적인 오차일 수도 있어요.

실제로 고혈당이 발생하면 잦은 배뇨, 갈증, 피로감이 나타나요. 따라서 고혈당 증상을 느끼지 않으신다면 크게 걱정하지 않으셔도 돼요.",,,,최종,프로덕트 웰다
146,사용방법,"#당화혈색소 
#당화 혈색소 
#정상 당화 혈색소","당화 혈색소는 최근 2~3개월 동안 혈액 내에는 혈색소가 어느 정도 당화되었나를 보는 지표예요. 당화 혈색소가 높다는 것은 혈액 내에서 당화 반응이 많이 발생한다는 것이에요!

연속혈당측정기로 측정한 당화혈색소가 높게 나왔다고 해서 너무 걱정하지마세요. 연속혈당측정기로 측정한 당화혈색소는 오차가 있을 수 있으니 정확한 당화혈색소가 궁금하시다면 진단용 검사를 해보시는 것을 권장드려요.",,,,최종,프로덕트 웰다
147,기타 건강 지식,"#질병 혈당 변화 
#아플 때 혈당 변화 
#약 혈당 변화 
#아플 때 혈당 관리","감기나, 발열, 감염등 몸이 아프면 스트레스 호르몬 작용으로 혈당이 상승할 수 있어요. 또한, 약물 복용은 혈당에 영향을 미칠 수 있어요. 혈당이 소폭 상승되어도 정상이오니 너무 걱정하지 마세요!",,,,최종,프로덕트 웰다
148,기타 건강 지식,"#반응성 저혈당 
#혈당 스파이크 후 저혈당 
#탄수화물 섭취 후 저혈당","반응성 저혈당은 혈당이 급격하게 상승했을 때 상승한 혈당을 낮추기 위해 과도한 양의 인슐린이 분비되어 혈당이 일시적으로 정상 수준 이하로 떨어지는 현상을 말해요.

일반적으로 탄수화물을 과량으로 섭취했을 때 발생할 수 있으며, 반응성 저혈당은 식곤증, 허기짐, 피로감, 무기력함과 같은 증상으로 나타날 수 있어요. 

반응성 저혈당을 예방하기 위해서는 급격한 혈당 상승을 최소화하는 것이 중요합니다.",,,,최종,프로덕트 웰다
149,기타 건강 지식,"#새벽현상
#아침 혈당 상승
#아침 공복 혈당","이른 아침에 혈당 수준이 상승하는 현상을 새벽현상이라고 해요. 

새벽현상은 우리 몸의 호르몬 변화로 인해 혈당 수치를 일시적으로 상승시켜 발생합니다. 이러한 현상은 우리 몸이 기상 후 활동을 원활히 할 수 있도록 준비하고 있음을 나타내요.

따라서, 건강한 성인의 경우 새벽현상은 자연스러운 현상이니, 혈당이 올랐다고 놀라지 않으셔도 되어요. 우리 몸이 하루를 시작할 준비를 하고 있을 수 있어요.  ",,,,최종,프로덕트 웰다
150,사용방법,"#샤워 혈당 
#온수 샤워 혈당 상승 
#샤워 후 혈당 변화",따뜻한 물로 샤워를 하면 우리 몸의 급격한 온도 변화가 생겨 일시적으로 혈당 수준을 높일 수도 있어요.  건강한 사람의 경우 문제가 되지 않으니 걱정하지 않으셔도 됩니다 :),,,,최종,프로덕트 웰다
151,추천 식품,"#카페인 혈당 영향
#카페인 혈당",카페인은 스트레스 호르몬을 분비시켜 혈당을 일시적으로 상승시킬 수 있어요. 하지만 혈당 스파이크를 발생시키는 수준은 아니니 건강한 성인이라면 걱정하지 않으셔도 되어요.,,,,최종,프로덕트 웰다
152,기타 건강 지식,"#월경 생리 혈당
#생리 중 혈당","생리주기에 따라 분비되는 호르몬의 영향으로 혈당 변화가 있을 수 있어요. 

호르몬 변화로 인해 생리 전과 생리 중에 혈당이 상승하는 경향이 있어요. 건강한 성인이라면, 혈당 스파이크를 발생시키는 수준은 아니니 걱정하지 않으셔도 되어요. ",,,,최종,프로덕트 웰다
153,기타 건강 지식,"#식곤증 
#식후 졸음","식사 후 발생한 혈당 스파이크는 식곤증을 유발할 수 있어요.

우리 몸은 식사 후 혈당이 급격하게 올라가면, 상승한 혈당을 낮추기 위해 과도한 인슐린을 분비해요. 이로 인해 우리 몸의 혈당이 급격하게 떨어지면 에너지 수준이 일시적으로 저하되어 식사 후 졸음이나 피로감으로 나타날 수 있어요.",,,,최종,프로덕트 웰다
154,기타 건강 지식,"#당 떨어짐 
#허기짐 
#허기지는 증상","식사 후 발생한 혈당 스파이크로 인해 당 떨어지고 쉽게 허기지는 증상이 생길 수 있어요.

우리 몸은 식사 후 혈당이 급격하게 올라가면, 상승한 혈당을 낮추기 위해 과도한 인슐린을 분비해요. 이러한 상황이 잦을수록 우리 몸은 인슐린 저항성이 생기고 자연스럽게 대사 유연성도 떨어지게 되어요. 대사 유연성이 떨어지면 내 몸에 쌓인 지방을 연료로 유연하게 사용할 수 없어 금세 에너지가 바닥나고 자주 허기가 지게 되어요.

따라서 방금 식사를 했는데도 금방 당이 떨어지고 허기가 진다면 떨어진 대사 유연성을 의심해 볼 수 있어요.",,,,최종,프로덕트 웰다
155,기타 건강 지식,"#만성 피로 
#만성피로","혈당 스파이크는 만성 피로를 유발할 수 있어요.

우리가 음식을 섭취하여 유입된 혈류 속 당은 우선적으로 세포 내부로 흡수되어 에너지 생산 공장에서 에너지로 합성돼요. 식사 후 혈당 스파이크가 발생하면 세포 속 에너지 생산 공장이 과부하 되어 서서히 망가지게 됩니다. 과부하 된 에너지 생산 공장은 우리 몸에서 필요한 에너지를 효율적으로 만들지 못하게 되어, 결과적으로 우리는 몸이 피로를 느끼게 됩니다. 이러한 과정이 반복되면 만성 피로가 발생할 수 있어요.",,,,최종,프로덕트 웰다
156,기타 건강 지식,"#편두통
#두통","조절되지 않은 혈당 수치는 편두통을 유발할 수 있어요.

연구 결과에 따르면, 인슐린 저항성이 있는 사람들에게서 편두통 발생률이 높았어요. 특히 인슐린 저항성이 더 심한 사람일수록 두통의 정도가 더 높았으며, 여성에게서 인슐린 저항성과 편두통 발생 간의 관련성이 더욱 두드러지게 관찰되었어요.",,,,최종,프로덕트 웰다
157,기타 건강 지식,"#여드름 
#피부 염증 증상 
#피부질환 ","조절되지 않은 혈당 수치는 피부 염증 질환을 유발할 수 있어요.

연구에 따르면, 잦은 혈당 스파이크의 발생이 인슐린 저항성을 유발하고 이는 피부 염증 질환의 발생 가능성을 높일 수 있다는 결과가 관찰되었어요. 실제로, 여드름 환자 대상으로 혈당 곡선을 완만하게 하는 식단을 제공하였을 때 여드름의 수와 중증도가 개선되는 연구 결과가 관찰되었어요.",,,https://pubmed.ncbi.nlm.nih.gov/17616769/,최종,프로덕트 웰다
158,기타 건강 지식,"#다낭성 난소 증후군 
#생리 불순 
#호르몬 불균형 
#불임","조절되지 않은 혈당 수치는 호르몬 불균형 증상을 유발할 수 있어요.

잦은 혈당 스파이크 발생이 인슐린 저항성을 유발하고 이는 성호르몬 불균형 일으킬 수 있어요. 연구에 따르면 인슐린 저항성은 다낭성 난소 증후군, 생리 불순, 불임과 밀접한 관련이 있다고 관찰되었어요.",,,https://www.ncbi.nlm.nih.gov/pmc/articles/PMC5904600/https://www.cdc.gov/diabetes/basics/pcos.html,최종,프로덕트 웰다
159,기타 건강 지식,"#수면의 질 저하 
#수면 저하 
#수면 장애","조절되지 않은 혈당 수치는 수면의 질에 영향을 줄 수 있어요.

혈당이 높은 채로 잠에 들거나, 혈당 스파이크 직 후 잠을 자는 것은 수면의 질에 영향을 줄 수 있어요.
연구에 따르면, 높은 혈당 수치는 수면 시간 감소, 수면 중 무호흡증을 발생시킬 가능성이 높은 것으로 관찰되었어요.",,,,최종,프로덕트 웰다
160,기타 건강 지식,"#불안 
#우울 증상","우울감, 불안감은 불안정한 혈당 수치와 관련이 있을 수 있어요.

불안정한 혈당 수치는 불안, 초조함, 에너지 저하를 유발하여 우울증과 유사한 증상이 나타날 수 있어요. 아직 정확한 발병 기전은 밝혀지지 않았지만, 혈당이 조절되지 않는 당뇨병 환자의 경우 당뇨병이 없는 환자보다 우울증 발병 확률이 2배 이상 높았으며, 우울증이 있는 여성 중 당뇨병 환자에게서 불안과 우울을 더 크게 느끼는 것으로 연구에서 관찰되었어요.",,,,최종,프로덕트 웰다
161,기타 건강 지식,"#브레인포그
#브레인 포그 증상","브레인포그는 머리에 안개가 낀 것처럼 멍한 느낌이 지속되어 사고력과 집중력, 기억력이 저하되는 증상을 말해요.

우리 몸은 식사 후 혈당이 급격하게 올라가면, 상승한 혈당을 낮추기 위해 과도한 인슐린을 분비해요. 이로 인해 우리 몸의 혈당이 급격하게 떨어지면 에너지 수준이 일시적으로 저하되어 식사 후 멍한 증상, 브레인 포그로 나타날 수 있어요.",,,,최종,프로덕트 웰다
162,영양소,"#단백질 
#단백질 다양하게 섭취 
#단백질 역할","단백질은 근육이나 호르몬, 세포를 만드는 데 필요한 아미노산이 들어있는 필수 영양소에요.

육류뿐 아니라, 해산물, 그리고 식물성 식품에도 단백질이 풍부하게 함유되어 있습니다. 단백질은 분명 중요한 영양소지만, 필요 이상으로 섭취하게 되면 체내에서 포도당으로 바뀌고 인슐린에도 영향을 줄 수 있는데요! 많은 사람들은 이런 사실을 모른 채 고단백 음식만 과하게 선호하고 섭취하는 경향이 있어요.

대부분의 단백질이 포함된 음식에는 좋은 지방도 함께 함유되어 있으니 단백질 함량이 높은 음식만 고집하지 말고 다양하게 섭취하는 것을 추천드려요 :)",,,,최종,프로덕트 웰다
163,영양소,"#단백질 섭취량
#단백질 얼마나","단백질은 근육을 구성하는 성분 중의 하나로 근육을 합성하고 회복하는 데 중요한 역할을 해요. 

일반적인 활동량을 가진 성인의 경우에는 하루에 1.2~1.5g/kg의 단백질을 섭취하는 것을 권장하며, 운동선수급 또는 대회 출전급의 경우에는 하루에 1.2~2.0g/kg의 단백질을 섭취하는 것을 권장 드려요. 

단, 신장질환이나 통풍질환이 있는 경우, 개인의 상태를 고려하여 단백질 섭취량을 조절해야 합니다.",,,,최종,프로덕트 웰다
164,영양소,"#식물성 단백질
#비건
","✔식물성 단백질 리스트

⬡ 두부
⬡ 퀴노아
⬡ 헴프씨드
⬡ 해바라기씨
⬡ 호박씨
⬡ 치아씨드
⬡ 견과류
⬡ 버섯(팽이버섯, 표고버섯, 느타리버섯, 목이버섯, 새송이버섯)
⬡ 아몬드 버터
⬡ 후무스
⬡ 아마씨",,,https://www.drberg.com/blog/top-vegan-plant-based-protein-sources,최종,프로덕트 웰다
165,영양소,#동물성 식물성 단백질 #동물성단백질 #식물성단백질 #완전 단백질,"단백질을 섭취하실 때 동물성, 식물성을 굳이 따지지 않고 섭취해도 괜찮아요!

특히 동물성 단백질은 완전 단백질이기 때문에 동물성 단백질을 섭취하는 것만으로도 필수 아미노산을 충족할 수 있어요.

만약 식물성 단백질만 드시는 채식주의자라면 다양한 식물성 단백질 식품을 조합하여 섭취해 주세요!

웰다가 추천하는 단백질 식품이 궁금하시다면 추가 문의해 주세요 🙂 웰다 추천 단백질 리스트를 알려드릴게요!",,,,최종,프로덕트 웰다
166,영양소,"#지방 #지방의 역할 ","지방은 호르몬과 세포막을 만들고 지용성 비타민 흡수를 돕는 필수 영양소에요. 

대부분 사람들은 포화지방이 심혈관 질환을 일으키는 것으로 알고 피하는 경향이 있지만 사실은 그렇지 않아요~! 좋은 지방은 혈당을 안정화 시켜주고 포만감을 높이는 역할을 하여 간헐적 단식과 다이어트를 도와줄 거예요.",,,,최종,프로덕트 웰다
167,영양소,"#수용성 식이섬유 
#불용성 식이섬유","식이섬유는 수용성, 불용성으로 나뉘며 이에 따라 효능이 조금씩 다를 수 있어요.

그러나 전반적으로 식이섬유는 수용성, 불용성에 상관없이 혈당 상승 완화 효과 외에도 포만감을 유발하고 소화를 촉진하여 다이어트 과정에 직·간접적인 도움을 줄 수 있어요. 따라서, 수용성과 불용성을 구분하지 말고 다양한 채소에서 충분한 식이섬유를 섭취하는 것이 중요해요.",,,https://www.cdc.gov/diabetes/library/features/role-of-fiber.html,최종,프로덕트 웰다
168,영양성분표와 원재료명,"#영양성분표 확인 
#영양성분 
#영양정보 
#원재료 확인","✔영양성분표/원재료 확인 방법

가공식품 선택 시 영양성분표와 원재료를 확인하세요.
영양성분표를 확인하여 스타치(녹말)와 당류의 양을 고려해 제품을 선택하는 것이 좋아요. 만약, 당이 0g이라면 원재료를 확인해 주세요.

① 1회 제공량 확인하기
- 총 영양성분 = 영양성분 x 총 내용량/1회 제공량

② 영양정보 확인하기
- 총 탄수화물의 양 = 스타치 + 당류 + 식이섬유
- 탄수화물 중 식이섬유를 제외한 당류는 섭취 시 혈당에 영향을 줄 수 있어요. 

③ 원재료 확인하기
-  혈당을 올리진 않지만 우리 몸에 영향을 주는 첨가물을 확인하세요.",https://drive.google.com/file/d/17GRSZybA_4zs4nGxgL6yr5pSySlmHc9w/view?usp=drive_link,https://wellcheck-diet-prod.s3.ap-northeast-2.amazonaws.com/coach-answer-guide/168.jpg,,최종,프로덕트 웰다
169,영양성분표와 원재료명,"#무가당
#무가당 주스","식품에 표기된 무가당 표시는 인위적으로 당류를 첨가하지 않았다는 의미일 뿐 당분이 없다는 것이 아니에요!

무가당 주스를 보면, 과일 자체에 이미 상당량의 당분이 함유되어 있어요. 특히 액체 형태인 주스는 흡수가 빨라 혈당을 급격히 올릴 수 있어요. 따라서, 무가당이라고 해서 안심하고 드셔서는 안돼요. 영양성분표와 원재료를 꼭 확인하여 섭취해 주세요!",,,,최종,프로덕트 웰다
170,영양성분표와 원재료명,"#좋은 재료의 기준 
#좋은 재료 기준 
#식재료 선택","똑같은 재료라도 생산, 보관, 가공 방식에 따라 품질의 차이가 있을 수 있어요. 웰다는 자연 그대로에 가깝고 가공이 적은 음식을 추천드려요 :)

예를 들어, 육류는 목초와 같은 좋은 사료를 먹고 방목하여 자란 고기를 추천하고, 채소는 땅에서 농약 없이 자란 신선한 유기농 채소를 권장 드려요. 오일은 열처리 없이 저온으로 압착된 엑스트라 버진 오일이 좋아요. 

따라서, 웰다가 추천하는 재료 중 자연 그대로에 가까운 재료를 선택하여 건강한 식사를 구성해 보세요!",,,,최종,프로덕트 웰다
171,영양성분표와 원재료명,"#비정제 설탕 
#천연 설탕 원당 꿀 흑설탕","천연 설탕, 원당, 꿀, 흑설탕 등은 모두 건강해 보이지만 그렇지 않은 설탕의 숨겨진 이름일 뿐이에요.

천연 설탕, 원당, 꿀, 흑설탕은 모두 설탕과 같은 성분인 포도당, 과당으로 구성되어 있어 혈당에 영향을 줄 수 있어요. 더 이상 건강한 설탕이라는 단어에 속지 마세요.",,,,최종,프로덕트 웰다
172,영양성분표와 원재료명,"#스타치 
#스타치 원재료 
#녹말 원재료","스타치(녹말) 성분의 원재료는 식감, 형태, 부피, 응집 방지, 보존 기간 등 다양한 이유로 가공식품에 포함돼요!

스타치 원재료는 분말 형태로 사용되어 포도당으로 분해가 빠르고 혈당과 인슐린에 큰 영향을 줄 수 있어요.

많이 사용되는 스타치 원재료 예시로는 OO 전분, OO 분말, OO 가루, OO 플레이크, OO 덱스트린이 있어요. ",,,,최종,프로덕트 웰다
173,영양성분표와 원재료명,"#말토덱스트린 ","말토덱스트린은 대부분의 과자, 간식류, 가공식품부터 프로틴 파우더, 식사 대용 쉐이크 드레싱 등에 다양하게 사용돼요. 

말토덱스트린은 많은 공업적 가공을 거쳐 만들어진 스타치이며, 혈당 반응이 높고 장내 미생물 건강에도 좋지 않아요. 값싼 가격으로 인해 많은 가공식품에 말토덱스트린이 함유되어 있으니, 가공식품 섭취 시 영양정보와 원재료를 확인하고 섭취해 주세요!",,,,최종,프로덕트 웰다
174,영양성분표와 원재료명,"#당류 
#당류 원재료 
#당 원재료","당 성분의 원재료는 기본적으로 단 맛을 내기 위해 가공식품에 포함돼요!

설탕에는 포도당과 과당이 포함되어 있어 혈당과 인슐린에 영향을 주고 체지방, 지방간 생성에도 직접적으로 가담할 수 있어요.

많이 사용되는 당류 원재료 예시로는 OO 설탕,   OO 당, OO 시럽, OO 농축액, OO 과즙, OO 토스,  OO 오스 등이 있어요. ",,,,최종,프로덕트 웰다
175,영양성분표와 원재료명,"#숨겨진 설탕 
#숨겨진 당류 
#설탕 다른 이름","식품 원재료 라벨에 숨겨진 당류를 주의하세요.

✔당류 원재료 리스트!

- OO 설탕, OO당
감자당, 결정 과당, 맥아당, 사탕수수설탕, 아이싱 설탕, 액상 과당, 올리고당, 유당, 자당, 코코넛 설탕, 포도당, 흑설탕

- OO 시럽, OO 농축액, OO 과즙
과일 주스, 메이플 시럽, 사과 농축액, 사탕수수 시럽, 아가베 시럽, 으깬 과일, 캐러멜 시럽, 콘시럽, 타피오카 시럽, 파인애플 과즙, 헤이즐넛 시럽, 현미 시럽

- OO토스, OO오스
글루코오스, 덱스트로오스, 락토오스, 말토오스, 자일로오스, 프락토오스

- 기타
꿀, 당밀, 맥아물엿, 수카나트, 슈가 파우더, 엿기름, 옥수수 감미료, 조청 ",,,,최종,프로덕트 웰다
176,영양성분표와 원재료명,"#먹어도 되나요?
#식품 선택
#식품 혈당 반응","일반적으로 탄수화물 중 식이섬유를 제외한 스타치(녹말)와 당류는 섭취 시 혈당에 영향을 줄 수 있어요. 가공식품의 경우 영양성분표와 원재료를 확인하고, 비가공식품의 경우 영양성분을 검색해 보고 스타치(녹말)와 당류의 함량을 고려하여 섭취하는 것이 좋습니다!

음식에 대한 혈당 반응은 개인마다 다를 수 있어요. 소량 섭취해 보고 개인의 혈당 변동을 확인하고 드셔보세요!",,,,최종,프로덕트 웰다
177,영양성분표와 원재료명,"#인공 감미료 
#제로 무당
#제로 칼로리 
#제로 슈가 
#대체당","설탕 대신 인공감미료를 사용한 제로 슈가 제품이 많이 판매되고 있어요. 

인공감미료는 혈당을 높이지 않지만, 인슐린 분비를 촉진시켜 혈당을 낮출 수 있으며, 이로 인해 허기짐, 당 떨어짐을 유발할 수 있어요. 또한 인슐린 저항성을 개선하는 데 방해가 될 수 있어 주의가 필요해요.

게다가, 장기간 섭취할 경우 인체에 미치는 영향은 추가적인 연구가 필요한 상황이에요. 따라서, 인공감미료는 가급적 피해주시는 게 좋아요. 

웰다는 가능한 자연 그대로에 가까운 재료를 추천드려요! 하지만, 가끔 단 음식이 먹고 싶다면 부작용이 적은 감미료를 선택하여 적정량만을 섭취해 주세요.",,,,최종,프로덕트 웰다
178,"영양성분표와 원재료명
추천 식품","#부작용이 적은 감미료 
#알룰로스 스테비아  
#나한과 에리스리톨 
#감미료 추천 
#추천 대체당
","✔ 부작용이 적은 대체당
 ⬡ 알룰로스
 ⬡ 나한과
 ⬡ 순수 스테비아
⬡ 에리스리톨

✔ 주의사항
부작용이 적은 대체당이라도 단 맛 자체에 중독성이 있으니, 단 맛이 너무 당길 때만 설탕 대신 사용해 보세요! 또한, 과량 섭취 시 가스 생성을 유발하고 복부 팽만, 설사 등의 소화 문제를 유발할 수 있으니 소량만 섭취해 주세요.",,,,최종,프로덕트 웰다
179,영양성분표와 원재료명,"#부작용이 큰 감미료
#피해야 할 감미료 
#비추천 대체당 ","부작용이 큰 대체당을 알려드릴게요. 가끔 단 음식이 먹고 싶다면 부작용이 적은 대체당을 선택하여 적정량만을 섭취해 주세요.

✔ 부작용이 큰 감미료
⬡ 말티톨
⬡ 사카린
⬡ 수크랄로스
⬡ 아세설팜칼륨
⬡ 아스파탐
⬡ 자일리톨",,,,최종,프로덕트 웰다
180,"영양성분표와 원재료명
추천 식품","#자연식품 
#가공식품 
#초가공식품","식품은 간단하게 자연식품, 가공식품, 초가공식품으로 분류할 수 있어요.

⬡ 자연식품: 자연 그대로의 음식
⬡ 가공식품: 자연식품에 조리, 보존, 맛 향상을 위해 간단한 과정으로 가공되는 음식
⬡ 초가공식품: 자연에서는 볼 수 없는 여러 가지 성분을 복합적으로 사용하여 공업적 가공 과정을 거쳐 만들어지는 음식

✔자연식품을 제외한 식품들은 영양정보와 원재료를 표시하게 되어있어요. 따라서 자연식품을 제외한 식품들을 섭취할 때는 영양정보와 원재료를 확인하고 섭취해 주세요.",,,,최종,프로덕트 웰다
181,추천 식품,"#좋은 지방 
#좋은 지방 리스트
#추천 지방
#기름 선택 주의사항","✔좋은 지방 리스트!
⬡ 아보카도유
⬡ 올리브유
⬡  MCT 오일
⬡  마카다미아 오일
⬡  버터
⬡  들기름
⬡  달걀 노른자
⬡  견과류
⬡  생선
⬡  유기농, 목초 동물의 고기
⬡  유기농 목초 동물의 유제품

✔주의사항
좋은 지방이라도 가공된 지방은 우리 몸에 악영향을 줄 수 있어요. 좋은 지방 선택 시 가공이 적은(저온 압착 오일)을 선택하는 것이 좋습니다.  ",,,,최종,프로덕트 웰다
182,추천 식품,"#추천 소스 리스트
#추천 드레싱 리스트 
#혈당을 올리지 않는 소스","음식의 성분이 탄수화물이 아니어도, 양념과 소스만으로도 혈당이 상승할 수 있어요. 웰다가 추천하는 소스를 알려드릴게요!

✔추천 소스 리스트!
⬡ 들기름
⬡ 참기름
⬡ 올리브오일
⬡ 아보카도오일
⬡ 허브버터
⬡ 레몬즙
⬡ 식초
⬡ 샤워크림소스
⬡ 무당 요거트
⬡ 마요네즈
⬡ 무당 케찹
⬡ 무당 머스타드
⬡ 홀그레인 머스타드
⬡ 바질 페스토
⬡ 와사비
⬡ 스리라차소스
⬡ 타바스코소스
⬡ 과카몰리소스
⬡ 땅콩버터
⬡ 카카오파우더

제품에 따라 함량의 차이가 있을 수 있으니 영양성분표와 원재료를 확인하여 선택해 주세요.",,,,최종,프로덕트 웰다
183,추천 식품,"#추천 향신료
#추천 허브 리스트 ","허브와 향신료를 적절하게 사용하면 맛과 풍미를 늘려줘요. 웰다가 추천하는 허브와 향신료를 알려드릴게요~!

✔허브 및 향신료 추천 리스트
⬡ 강황
⬡ 고수
⬡ 고춧가루
⬡ 넛맥
⬡ 레몬그라스
⬡ 로즈마리
⬡ 바질
⬡ 생강
⬡ 시나몬
⬡ 쑥
⬡ 애플민트
⬡ 오레가노
⬡ 월계수
⬡ 커민
⬡ 타임
⬡ 파슬리
⬡ 후추 ",,,,최종,프로덕트 웰다
184,추천 식품,"#추천 과일 리스트
#혈당 영향 적은 과일
#베리류","일반적으로 베리류의 과일이 혈당에 영향이 적고, 열대과일이 혈당에 영향을 많이 줄 수 있어요. 과일을 먹어야 한다면, 혈당에 영향이 적은 과일을 선택하여 섭취해 주세요!

✔추천 과일 리스트!
⬡ 레몬
⬡ 라임
⬡ 라즈베리
⬡ 블랙베리
⬡ 크랜베리
⬡ 딸기
⬡ 블루베리
⬡ 아사이베리
⬡ 토마토
⬡ 아보카도",,,,최종,프로덕트 웰다
185,추천 식품,"#과일 섭취 주의사항 
#과일 섭취 주의 
#스무디 
#주스 
#건과일","과일은 원래 형태를 잃어버릴수록 혈당에 영향을 많이 줄 수 있어요.

과일을 생으로 먹는 것이 아닌 스무디나 주스 형태로 먹으면 식이섬유가 파괴되고 흡수 속도가 빨라져 혈당을 급격하게 상승시킬 수 있어요. 또한, 건과일은 수분이 증발된 형태로 소량만 먹어도 과량의 당을 섭취하게 되어 혈당에 영향을 줄 수 있어요.

과일을 먹어야 한다면 혈당에 영향이 적은 과일로 선택하고, 원래 형태를 보존하여 섭취해 주세요.",,,,최종,프로덕트 웰다
186,추천 식품,#추천 간식 리스트,"웰다가 추천하는 간식을 알려드릴게요! 

✔추천 간식 리스트!

⬡ 달걀, 메추리알
⬡ 치즈
⬡ 편육
⬡ 그릭요거트
⬡ 아보카도
⬡ 올리브
⬡ 견과류(브라질너트, 피칸, 마카다미아 등)
⬡ 채소스틱(샐러리, 오이, 파프리카, 당근 등)
⬡ 베리류(라즈베리, 블랙베리, 딸기, 블루베리 등)
⬡ 다크초콜릿(85% 이상)
⬡ 조미되지 않은 육포, 어포, 오징어 등 
⬡ 닭가슴살 스틱, 베이컨
⬡ 참치캔",,,,최종,프로덕트 웰다
187,추천 식품,"#간헐적 단식 중 먹을 수 있는 음료 
#단식을 깨지 않는 음료","✔단식 중 먹을 수 있는 음료

⬡ 물
⬡ 탄산수
⬡ 아메리카노
⬡ 허브차
⬡ 보리차
⬡ 녹차
⬡ MCT 오일",,,,최종,프로덕트 웰다
188,추천 식품,"#카페에서 마실 수 있는 음료
#카페 추천 음료
#추천 음료 리스트 ","웰다가 추천하는 카페 추천 음료 알려드릴게요! 

✔카페 추천 음료 리스트!
-커피류(시럽 무첨가)
⬡ 아메리카노
⬡ 디카페인 아메리카노
⬡ 에스프레소
⬡ 카페라떼
⬡ 카푸치노
⬡ 소이라떼
⬡ 콜드브루
⬡ 콜드브루라떼
⬡ 아몬드브리즈라떼
⬡ 오트라떼

-차류
⬡ 페퍼민트티
⬡ 얼그레이티
⬡ 유스베리티
⬡ 루이보스티
⬡ 잉글리쉬 브렉퍼스트티
⬡ 녹차
⬡ 캐모마일티
⬡ 히비스커스티

✔카페 주의사항
에이드, 프라페, 바닐라 라떼, 카라멜 마키아또, 카페 모카, 스무디, 과일 주스 같은 달달한 음료는 혈당 스파이크를 발생시킬 수 있으니 주의해 주세요.",,,,최종,프로덕트 웰다
189,추천 식품,"#식사 대용 단백질 보충제 
#단백질 쉐이크
#단백질 보충 
#단백질 파우더","단백질 보충제는 식품으로 충분한 양의 단백질을 섭취하기 어려울 때 섭취하는 용도예요.

가능한 자연 그대로의 식품을 선택하여 섭취하는 것이 좋아요. 자연 그대로의 식품에는 우리가 필요로 하는 단백질 외에도 비타민과 미네랄 등 다양한 영양소가 함유되어 있어 우리 몸에 더욱 이로울 수 있어요.

따라서, 최대한 자연 그대로의 식품으로 단백질을 섭취하고, 불가피한 경우에만 단백질 보충제를 섭취해 주시는 것을 추천드려요. 단백질 보충제를 선택할 때는 꼭 영양성분표와 원재료를 확인해 주세요!",,,,최종,프로덕트 웰다
190,추천 식품,"#그릭요거트 버터 치즈 
#유제품 섭취 
#유제품 먹어도 되나요","그릭요거트를 포함한 유제품은 단백질과 천연 지방이 풍부하여 혈당에 영향이 적은 식품이에요. 따라서 웰다에서는 혈당에 영향이 적은 유제품 섭취를 추천드리고 있어요!

개인마다 유제품을 섭취할 수 있는 정도가 다를 수 있으니 개인의 상태를 고려하여 유제품을 섭취해 주세요.",,,,최종,프로덕트 웰다
191,추천 식품,"#마늘
#마늘 효과","마늘 자체의 혈당 조절 효과는 아직 연구가 진행중으로 명확한 결론은 없어요. 일부 연구에서 마늘 속의 알리신이라는 성분이 인슐린 저항성  개선하여 장기적으로 혈당 수준을 안정화 시키는데 도움을 준다는 결과가 나오고 있어요.

따라서 마늘은 개인 판단하에 필요시 섭취하시길 권장 드립니다.",,,,최종,프로덕트 웰다
192,건강기능식품,"#가르시니아
#가르시니아 효과","가르시니아 속 HCA는 체지방 감소에 도움을 준다고 알려져 있어요.

일반적으로 HCA는 지방 합성을 억제하여 체지방 생성을 줄이고, 지방 산화를 촉진하여 체지방 연소를 늘려준다고 해요. 하지만 가르시니아의 체지방 감소 원리와 효과에 대해 연구 결과가 일관되지 않고 혈당 기전과는 관계가 없어 웰다에서는 특별히 추천드리지는 않아요.

따라서 가르니시아는 개인 판단하에 필요시 섭취하시길 권장 드립니다.",,,,최종,프로덕트 웰다
193,건강기능식품,"#건강기능식품 선택 
#건기식 선택
#영양제 선택
#영양제 추천
#건기식 추천","건강기능식품 또는 영양제는 개인의 건강 상태와 필요성을 고려하여 자유롭게 선택해 주세요. 

다만, 일반적인 알약 형태의 영양제가 아닌 가공된 젤리류, 캔디류, 가루류, 스틱류의 영양제는 다량의 당류가 함유되어 있을 수 있으니 영양성분표 확인하여 선택해 주세요!",,,,최종,프로덕트 웰다
194,기타 건강 지식,"#운동 선수
#대회급 근육량 증량
#보디빌더 증량","근육 생성을 목표로 하는 운동선수급 또는 대회 출전급인 경우 근육 생성에 필요한 영양소를 충분히 공급해 주세요.

운동선수급 또는 대회 출전급인 경우, 근육을 생성하기 위해서는 규칙적으로 근육 운동을 하고 충분한 단백질(하루 1.2~2.0g/kg)을 섭취해 주세요. 또한 간헐적 단식이 끝나기 전, 성장호르몬이 많이 분비된 상태에서 운동을 하면 근육 성장이 촉진될 수 있어요. ",,,,최종,프로덕트 웰다
195,기타 건강 지식,"#마른 사람 증량 
#체중 증량 
#근육량 증량","건강하게 체중을 늘리기 위해서는 체지방량은 유지하고 근육량을 늘려주는 것이 좋아요.

근육량을 늘리기 위해서는 규칙적으로 근육 운동을 하고 근육 생성에 필요한 단백질(하루 1.2~1.5g/kg)을 충분히 섭취하는 것이 좋아요. 또한 간헐적 단식이 끝나기 전, 성장호르몬이 많이 분비된 상태에서 운동을 하면 근육 성장이 촉진될 수 있어요. ",,,,최종,프로덕트 웰다
196,기타 건강 지식,"#체중 증가 
#살쪘어요
#살찌는 이유
#체지방 증가
","체중은 다양한 이유로 증가할 수 있어요. 또한 체중이 증가했더라도 근육과 지방의 부피 차이로 바디핏은 다를 수 있어요. 따라서 체중이 아닌 바디핏을 확인하셔야 하며, 바디핏은 허리 사이즈나 체지방률로 확인할 수 있어요.

그동안 대사 유연성을 활성화 시키려는 노력을 했다면, 현재의 체중 증가는 일시적인 현상일 수 있어요. 만약, 꾸준히 노력을 했는데도 체중이 계속해서 증가한다면, 현재 상태와 생활 패턴에 대하여 조금 더 자세히 말씀해 주시면 도움드릴게요!",,,,최종,프로덕트 웰다
197,기타 건강 지식,"#허리둘레가 중요한 이유 
#체중보다 허리둘레
#눈바디 인바디","허리둘레는 건강한 다이어트를 통해 바디핏이 개선되었음을 쉽게 확인할 수 있는 지표예요.

체중이 같더라도 근육과 지방의 부피 차이로 바디핏이 달라질 수 있어요. 바디핏이 좋아졌다는 것은 허리 사이즈로 쉽게 확인할 수 있어요.

따라서 체중 감량보다는 허리둘레와 체지방률의 변화를 목표로 삼는 것을 권장드려요.",,,,최종,프로덕트 웰다
198,기타 건강 지식,"#체지방 감소 효과 개인차 
#체지방률 변화 개인차 
#근육 생성 개인차","체지방량과 근육량의 변화 시기는 개인의 건강 상태, 식습관, 운동 여부 등 여러 가지 요인에 따라 달라질 수 있어요.

아직 결과가 뚜렷하지 않더라도 꾸준히 건강한 식습관과 생활습관을 유지한다면 우리 몸의 변화가 서서히 나타날 거예요.",,,,최종,프로덕트 웰다
199,기타 건강 지식,"#위경련
#체기","위경련이나 체기가 있다면 일정 기간 음식을 섭취하지 않는 것이 도움이 될 수 있어요. 

증상이 있을 때는 미지근한 물을 드시고, 증상이 완화되면 따뜻하게 데운 혈당 스파이크를 일으키는 죽보다는 연두부, 달걀찜과 같은 부드러운 단백질 식품을 드시는 것을 추천드려요. 

증상이 완화되지 않는다면 의료진과 상담을 통해 적절한 조치를 취하는 것이 중요해요.",,,,최종,프로덕트 웰다
200,기타 건강 지식,"#수면 부족 
#숙면 
#잠 
#수면의 중요성","수면 부족은 다이어트 과정을 방해할 수 있어요!

짧은 수면 시간은 우리 몸의 스트레스 호르몬을 분비시켜 혈당을 상승시키고, 인슐린 저항성을 유발할 수 있어요. 또한 포만감을 조절하는 호르몬에 영향을 주어 배고픔과 허기짐을 더 많이 느끼게 될 수 있어요. 수면 시간이 부족하면, 다이어트 과정이 점점 힘들어 지는 것이에요.

따라서, 효과적인 다이어트를 위해 7시간 이상의 충분한 숙면을 취하는 것을 권장드려요.",,,,최종,프로덕트 웰다
201,기타 건강 지식,"#숙면 실천 팁
#수면 실천 ","숙면을 위한 실천 팁 알려드릴게요:)

✔숙면 실천 팁!

⬡ 빛이 들어오지 않는 어두운 곳에서 자기
⬡ 잘 때 헐렁한 옷 입기
⬡ 정해진 시간에 규칙적으로 자기
⬡ 아침에 일어나면 햇빛 보기
⬡ 침실의 온도 서늘하게 유지하기
⬡ 취침 1시간 전 스마트폰 사용 자제하기
⬡ 하루 1시간 정도 숨이 차는 운동하기
⬡ 수면 전 폭식이나 카페인 섭취 자제하기
⬡ 수면 전 스트레칭, 명상 실천하기",,,,최종,프로덕트 웰다
202,기타 건강 지식,"#허기짐 대처법 ","허기짐은 대부분 잠시 참으면 억제가 되지만, 식욕을 억제하기 힘들다면 아래의 행동을 실천해 보세요.

✔허기짐 대처법!
⬡ 허기가 질 때 허용되는 음료 마시기
- 물, 탄산수, 아메리카노, 차(보리차, 녹차, 허브차 등)을 마셔보세요.

⬡ 다른 행동에 집중하기
- 산책이나 음악 감상 등 다른 행동에 집중해 보세요.

⬡ 트리거 푸드 치우기
- 나를 유혹하는 음식을 눈앞에서 치우거나 접근하기 어려운 환경을 만들어 보세요.",,,,최종,프로덕트 웰다
203,사용방법,"#연속혈당측정기
#리브레","연속혈당측정기는 혈당의 흐름을 연속적으로 파악할 수 있는 기기에요.

연속혈당측정기를 팔에 부착하면 작은 혈당 센서가 연속적으로 혈당을 측정합니다. 연속혈당측정기를 사용하면 실시간으로 혈당 변화와 트렌드를 모니터링할 수 있어 행동교정과 혈당 조절에 더욱 효과적입니다.",,,,최종,프로덕트 웰다
204,사용방법,"#연속혈당측정기부착 
#리브레 부착 방법 ","연속혈당측정기 부착 방법을 안내드려요. 

① 팔의 후면, 어깨 삼각근 아래를 동봉된 알코올 솜으로 깨끗하게 닦아주세요.
② 삽입기구의 뚜껑을 돌려서 연 후, 평평하고 단단한 바닥에서 삽입기구와 센서 팩을 결합하세요. 
③ 소독한 부위에 직각으로 삽입기구를 대고, 힘껏 눌러주세요.

자세한 부착 방법은 영상을 참고하세요.",,,https://youtu.be/kwnPia02cEg?si=VhdlCgMwohFnyjGb,최종,프로덕트 웰다
205,사용방법,"#연속혈당측정기제거 
#리브레 제거","연속혈당측정기 제거 방법을 안내드려요. 

① 피부에 부착된 센서를 접착제 가장자리부터 천천히 벗겨냅니다. 
② 벗겨낼 때, 로션을 접착제 주변에 바르면 피부 자극을 줄일 수 있습니다.
③ 피부에 남은 접착제는 따뜻한 비눗물이나 알코올 솜으로 제거할 수 있습니다.",,,,최종,프로덕트 웰다
206,사용방법,"#연속혈당측정기폐기 
#리브레 폐기","한번 사용한 센서는 재사용할 수 없어요. 일반 쓰레기, 플라스틱으로 각각 폐기해 주세요.

센서 팩은 플라스틱으로 재활용 쓰레기로 폐기, 센서 삽입 기구 및 센서는 바늘이 튀어나오지 않게 딱딱한 종이에 싸서 일반 쓰레기로 폐기해 주세요.",,,,최종,프로덕트 웰다
207,사용방법,"#혈당 스캔방법 
#연속혈당측정기 스캔 방법 
#리브레 스캔 방법","⬡ Android
① 휴대전화의 NFC 기능을 켜세요.
② 프리스타일 리브레 앱을 실행한 후 휴대전화 뒷면의 NFC를 리브레 센서에 인식하세요. (NFC 칩이 내장 위치는 기종마다 상이)

⬡ iOS
① 프리스타일 리브레 앱을 실행하세요.
② 앱 화면에서 ‘스캔’버튼 선택 후 아이폰의 전면 상단부를 부착한 센서에 인식하세요.",,,,최종,프로덕트 웰다
208,사용방법,"#연속혈당측정기 스캔주기 
#리브레 스캔 주기
#혈당 확인 시간
#혈당 측정 시간 ","기상 후, 식사 전/후, 운동 전/후, 취침 전에 스캔하여, 평소 혈당을 확인하는 걸 추천해요 식사 전에는 음식 사진을 함께 찍어두세요.

연속혈당측정기 센서는 최대 8시간까지 데이터 저장이 가능하여 8시간을 초과하여 스캔하지 않을 경우 혈당 그래프가 끊길 수 있어요. 그래프가 끊기지 않도록 8시간마다 잊지 말고 스캔해주세요.",,,,최종,프로덕트 웰다
209,사용방법,"#식사메모입력
#식사 메모 입력 방법 
#식사 기록 방법","식사 기록 방법을 알려드릴게요.

① 앱 화면 하단 중앙 + 버튼 선택 후, 우측 2번째 식사🍴 아이콘을 선택하세요.
② 메뉴 검색 또는 사진을 등록하여 영양정보를 확인하세요.",,,,최종,프로덕트 웰다
210,사용방법,"#혈당유지율 
#혈당 유지율 
","혈당 유지율이란 혈당이 연속혈당측정기에서 측정한 공복 혈당 대비 적정 범위를 지키는 시간을 비율로 나타낸 것이에요. 

혈당 적정 범위는 혈당 그래프 내 보라색 영역에서 확인할 수 있으며 연속혈당측정기에서 추출한 공복 혈당 값을 기준으로 설정되어요.

혈당 유지율이 높다는 것은 혈당 스파이크와 혈당 변동성이 적다는 것이며 반대로 혈당 유지율이 낮다는 것은 혈당 스파이크와 혈당 변동성이 잦다는 것을 의미해요.
*공복 혈당 산출을 위해 연속혈당측정기 부착 1일 차에는 혈당 유지율이 반영되지 않습니다.",,,,최종,프로덕트 웰다
211,사용방법,"#개인정보 변경 수정
#이메일 변경
#가입전화번호 변경 
#전화번호 변경","홈> 내 정보 > 설정 페이지에서 변경 가능합니다. 
단, 전화번호(휴대폰 번호), 이름, 생년월일, 이메일 변경은 웰다 카카오톡 채널로 문의하세요. 

⬡ 내 정보 변경(설정 페이지 이동)
① 웰다 홈 우측 상단 사람 아이콘(👤) 선택 
② 내 정보 페이지 우측 상단 설정 아이콘(⚙️) 선택

⬡ 개인정보 변경 문의 
- 웰다 카카오톡 채널 
http://pf.kakao.com/_xorTRG",,,,최종,프로덕트 웰다
212,사용방법,"#혈당그래프 끊긴이유 
#끊긴 이유",연속혈당측정기 센서는 최대 8시간까지 데이터 저장이 가능하여 8시간을 초과하여 스캔하지 않을 경우 혈당 그래프가 끊길 수 있어요. 그래프가 끊기지 않도록 8시간마다 잊지 말고 스캔해 주세요.,,,,최종,프로덕트 웰다
213,사용방법,"#채혈 연속혈당측정기 혈당 차이 
#혈당 차이","연속혈당측정기는 손가락 채혈보다 5~10분 정도 지연된 혈당 값을 제공해요. 평소에는 혈당 수치가 비슷하지만 식사 또는 운동 이후 혈당 수치의 급격한 변동이 있을 때는 혈당 수치에 큰 차이가 나타날 수 있습니다.

연속혈당측정기는 정확한 혈당 수치를 진단하는 목적으로 사용하는 것보다는 혈당의 변화 추세를 보는 목적으로 사용해야 합니다. 연속혈당측정기를 사용하면 전체적인 혈당 변화와 트렌드를 모니터링하고 관리할 수 있어 행동교정과 혈당 조절에 더욱 효과적이에요. 

연속혈당측정기의 정확도가 궁금하시다면 혈당이 변하지 않는 공복일 때 채혈 수치와 비교해 보시는 것을 권해드립니다.",,,https://www.youtube.com/watch?v=-xcaEmsmESc,최종,프로덕트 웰다
214,사용방법,"#측정값 오차 
#리브레 오차 이유 
#연속혈당측정기 오차 이유","보통, 아래와 같은 경우에 혈당 측정값이 정확하지 않을 수 있어요. 

⬡ 연속혈당 측정기 부착 후 2일 이내 
⬡ 온도나 습도가 높은 곳에 장시간 머무는 경우 
⬡ 연속혈당측정기가 근육에 가깝게 부착된 경우 
⬡ MRI/CT/고주파/열/초음파에 노출된 경우 
⬡ 수심이 깊은 곳에 장시간 있는 경우 
⬡ 고용량 비타민C 를 복용 또는 주사한 경우

특히 연속혈당측정기 부착 후 통증이 느껴진다면 웰다 카카오톡 채널로 문의하세요. ",,,,최종,프로덕트 웰다
215,사용방법," #연속혈당측정기 저혈당 
#리브레 저혈당 
#70mg/dL이하 
#야간 저혈당","앱에서 혈당이 70mg/dL 이하일 때 저혈당으로 빨갛게 표시되지만, 사실 60mg/dL의 혈당도 건강한 혈당 범위에 속해요. 

또한, 연속혈당측정기는 실제 혈당 수치와 일부 차이가 있을 수 있어요. 실제로 저혈당증이 발생하면 어지럼증, 식은 땀, 오한, 떨림 등의 증상이 나타나요. 따라서 저혈당 증상을 느끼지 않으신다면 크게 걱정하지 않으셔도 됩니다.",,,,최종,프로덕트 웰다
216,사용방법,"#연속혈당측정기 사용 적정 온도 
#연속혈당측정기 사용온도","연속혈당측정기는 10~45 ° C에서 작동해요.  

연속혈당측정기 내부 센서의 온도가 범위를 벗어나면 혈당 측정에 오류가 발생할 수 있어요. 따라서 정확한 혈당 측정을 위해 적정 온도 범위 내에서 사용해 주세요.",,,,최종,프로덕트 웰다
217,사용방법,"#연속혈당측정기 온도 하락  
#연속혈당측정기 추위","연속혈당측정기 센서의 온도가 하락하면 혈당 측정에 오류가 발생할 수 있어요. 몇 분 뒤 온도가 안정화되면 정상 혈당 측정이 가능하니, 몇 분 뒤 다시 시도해 주세요.",,,,최종,프로덕트 웰다
218,사용방법,"#연속혈당측정기 고온 
#혈당 고온
#연속혈당측정기 온도 상승","연속혈당측정기 센서의 온도가 상승하면 혈당 측정에 오류가 발생할 수 있어요. 몇 분 뒤 온도가 안정화되면 정상 혈당 측정이 가능하니, 몇 분 뒤 다시 시도해 주세요.",,,,최종,프로덕트 웰다
219,사용방법,"#연속혈당측정기 작동 안함 
#작동 불가 ","연속혈당측정기 센서는 2주간 작동하는 기기입니다. 2주 전에 ‘센서가 작동하지 않습니다.’라는 알림이 나타나면 센서를 보관하고, 웰다 카카오톡 채널로 문의해주세요. 확인 후 교환을 도와드리겠습니다.

[문의처]
⬡ 웰다 카카오톡 채널 http://pf.kakao.com/_xorTRG

[상담 시간 안내]
⬡ 평일 8:30-17:30 (점심시간 12:00-13:00)
⬡ 토요일, 일요일, 공휴일 휴무

[상담 시 필요한 정보]
⬡ 구입 및 오류 발생시기
⬡ 오류 센서 시리얼 넘버 (오류센서 보관 필수, 교환/환불 시 회수 처리함)
⬡ 오류 상황 및 오류 문구 캡쳐본
* 웰다 카카오톡 채널 상담 후, 최종 교환/환불 여부가 결정되며, 고객 부주의로 인한 훼손 또는 회수할 센서가 없거나 센서 시리얼 넘버가 확인되지 않을 경우, 교환/환불이 어렵습니다.",,,,최종,프로덕트 웰다
220,사용방법,"#연속혈당측정기 10분 스캐닝 
#다시 스캐닝 
#다시 스캔","‘10분 후 다시 스캐닝하십시오’라는 알림이 나타나면 보통 1-2시간 후 다시 측정할 경우 문제 없이 작동하게 됩니다. 

만약, 6시간 후에도 문제가 반복된다면 웰다 카카오톡 채널로 문의해주세요.

[문의처]
⬡ 웰다 카카오톡 채널 http://pf.kakao.com/_xorTRG

[상담 시간 안내]
⬡ 평일 8:30-17:30 (점심시간 12:00-13:00)
⬡ 토요일, 일요일, 공휴일 휴무",,,,최종,프로덕트 웰다
221,사용방법,"#연속혈당측정기 고객센터 필요 정보 
#리브레 오류 필요 정보","[상담 시 필요한 정보]
⬡ 구입 및 오류 발생시기
⬡ 오류 센서 시리얼 넘버 (오류센서 보관 필수, 교환/환불 시 회수 처리함)
⬡ 오류 상황 및 오류 문구 캡쳐본
* 웰다 카카오톡 채널 상담 후, 최종 교환/환불 여부가 결정되며, 고객 부주의로 인한 훼손 또는 회수할 센서가 없거나 센서 시리얼 넘버가 확인되지 않을 경우, 교환/환불이 어렵습니다.",,,,최종,프로덕트 웰다
222,사용방법,"#연속혈당측정기 부착 통증 
#통증 대처","센서(연속혈당측정기) 부착 시 필라멘트를 피부에 삽입하지만 통증이 거의 없고, 일상생활에 지장을 주지 않는 안전한 기기에요. 다만, 센서 부착 후 통증이 느껴진다면 아래와 같은 이유가 있을 수 있어요.

① 센서의 필라멘트가 근육에 장착된 경우
② 센서 삽입 중 잘못된 방향으로 부착
③ 부착 후 필라멘트 팁이 구부러 지거나, 피부 표면에 정면으로 통과되지 않았을 경우 

만약, 통증이 1~2일 이상 지속되고 일상생활을 하기 힘들 정도의 증상이라면, 센서를 제거한 후 새로운 센서를 부착해야 할 수 있어요. 통증으로 인해 새 센서로 교체가 필요한 경우에는 웰다 스토어에서 별도로 센서만 구매할 수 있으니 참고 부탁드려요.",,,,최종,프로덕트 웰다
223,사용방법,"#연속혈당측정기 부착 활동 
#MRI CT X-ray 
#사우나 수영
#항공기 비행기","목욕, 샤워, 수영 중 착용할 수 있으나 1m 이상 들어가거나, 물에 30분 이상 담가 놓지 않는 것을 추천드려요.
일반적으로 연속혈당측정기 부착 후 비행기, 항공기 탑승 가능하나, 공항의 보안 기준에 따라 다를 수 있습니다.

MRI, CT, X-ray 등 방사선 검사나 강한 자기장에 노출되는 경우 연속혈당측정기를 제거해야 합니다.",,,,최종,프로덕트 웰다
224,사용방법,"#연속혈당측정기 유지 주의 
#연속혈당측정기 주의 
#리브레 착용 주의사
#탈착 예방","✔연속혈당측정기 사용 주의사항!

① 센서 부착 부위가 문, 옷, 가구 모서리 등에 걸려 떨어지지 않도록 주의해 주세요.

② 샤워 또는 수영 후, 수건으로 부착된 센서를 감싸거나 잡아당기지 않도록 주의해 주세요.

③ 옷을 입고 벗을 때 옷에 걸려 부착된 센서가 떨어지지 않도록 주의해 주세요.

④센서를 부착한 상태에서 부착 부위를 손으로 만지거나, 밀거나 당기지 않도록 주의해 주세요.

⑤ 격렬한 운동 시 탈착을 예방하기 위해 패치 사용을 고려해 주세요.",,,,최종,프로덕트 웰다
225,사용방법,"#허리둘레 측정 
#허리사이즈 측정 
#허리 측정","✔허리 사이즈 측정 방법

① 바른 자세로 서서 편안하게 숨을 내쉬어 보세요.
② 거울을 보며, 배꼽 라인을 타고 지면과 수평하게 줄자로 허리를 둘러주세요.
*이 때, 맨살에 하며 줄자를 당기지 않도록 해요.",,,,최종,프로덕트 웰다
226,사용방법,"#리브레 앱 연결방법 
#리브레앱연결 
#리브레 연결
#리브레 병원 ID","앱 'FreeStyle LibreLink' 다운로드 후, 로그인한 뒤, 메뉴에서 연결된 앱 → 관리 → 병원에 연결 → 병원 ID: weldalab를 입력해 주세요. 병원 확인 하단에 '웰다' 라고 나타나면, 연결이 완료됩니다. 

앱 'FreeStyle LibreLink'는 처음 연결할 때, 단 한 번만 필요합니다. 간단한 초기 설정으로 후에는 별도의 과정 없이 데이터가 웰다 앱에 자동으로 기록됩니다.",,,,최종,프로덕트 웰다
227,사용방법,"#고객센터
#고객센터 운영시간
#고객센터 응답시간","[고객센터]
⬡ 웰다 카카오톡 채널 http://pf.kakao.com/_xorTRG

[상담 시간 안내]
⬡ 평일 8:30-17:30, 순차답변 (점심시간 12:00-13:00)
⬡ 토요일, 일요일, 공휴일 휴무",,,,최종,프로덕트 웰다
228,사용방법,"#연속혈당측정기 센서 오류
#혈당 값 편차 오류","연속혈당측정기 센서의 오류로 혈당 값 편차가 발생한 경우, 리브레 교환이 가능합니다.
교환을 위해서 혈당 값 편차에 대한 비교 수집 값(편차 +- 20% 이상)이 필요해요. 아래의 내용을 확인하여 웰다 카카오톡 채널로 문의해주세요.

⬡ 교환 요청 기간: 1~2일 적응 기간 이후부터 12일 이내 
⬡ 혈당 채혈기(BGM)를 먼저 측정하고, 10분 뒤에 연속혈당측정기 센서의 혈당값과 비교.(채혈기 혈당값 > 10분 뒤 > 센서 혈당값) 
⬡ 식사와 운동을 하지 않은 상황에서 아침 공복, 식전, 식후 3~4시간(공복)에 측정 확인된 혈당값과 비교. 
⬡ 같은 날 동일 시간대 최소 3개의 비교 혈당값이 필요.",,,,최종,프로덕트 웰다
229,사용방법,"#연속혈당측정기 추가 결제 
#반품 교환 추가 결제 팝업","반품/교환 접수 시, ‘추가 결제가 발생하는 반품은 신청할 수 없습니다’ 라는 팝업이 뜬다면, 웰다 카카오톡 고객센터로 문의해 주세요.

[문의처]
⬡ 웰다 카카오톡 채널 http://pf.kakao.com/_xorTRG

[상담 시간 안내]
⬡ 평일 8:30-17:30 (점심시간 12:00-13:00)
⬡ 토요일, 일요일, 공휴일 휴무",,,,최종,프로덕트 웰다
230,사용방법,"#알림 설정 
#필요한 알림 
#알림 끄기","홈>내 정보 페이지에서 설정 변경이 가능해요.

[알림 설정 변경]
⬡ 웰다 홈 우측 상단 사람 아이콘(👤) 선택 
⬡ 내 정보 하단에서 두번째 메뉴, [알림설정] 선택
⬡ 알림 설정 메뉴에서 알림 종류별 on/off 가능",,,,최종,프로덕트 웰다
231,사용방법,"#웰다 탈퇴 #회원 탈퇴 ","홈> 내 정보> 설정> 계정관리> 로그아웃/회원탈퇴 팝업에서 회원탈퇴 선택 가능합니다.

[회원 탈퇴 방법]
⬡ 웰다 홈 우측 상단 사람 아이콘(👤) 선택
⬡ 내 정보 페이지 우측 상단 설정 아이콘(⚙️) 선택
⬡ 하단 2번째 메뉴, [계정 관리] 선택
⬡ 팝업에서 [회원탈퇴] 항목 선택
⬡ 알림 팝업에서 [회원 탈퇴] 버튼 선택",,,,최종,프로덕트 웰다
232,사용방법,"#연속혈당측정기 샤워 운동 #센서 패치 ","연속혈당측정기 부착 후 샤워나 운동을 해도 괜찮아요.

다만, 격렬한 운동을 할 때에는 센서가 외부 충격으로 떨어질 수 있으니 주의해 주세요. 그리고 샤워 후 센서의 물기를 닦을 때와 옷을 입고 벗을 때도 부착된 센서가 떨어지지 않도록 조심해 주세요.

⬡ TIP!
웰다 센서 패치를 사용하여 센서가 떨어지지 않도록 안전하게 고정시킬 수 있어요.",,,,최종,프로덕트 웰다
233,사용방법,"#연속혈당측정기 센서 교환 
#A/S 
#재사용","몸에 붙인 센서(연속혈당측정기)는 한 번 떨어지면 재사용할 수 없어요.
따라서 새로운 센서로 교체해야 하는데요.

센서 오류일 경우에는 웰다에서 새 제품으로 교환해드리고 있어요.

단, 센서 오류는 웰다 카카오톡 상담 후 확인하여 확정되므로, 센서를 임의로 떼거나 폐기하지 말고 꼭 먼저 웰다 카카오톡으로 문의하세요.",,,,최종,프로덕트 웰다
234,"사용방법 ","#연속혈당측정기 피 
#리브레 출혈 
#리브레 멍","센서(연속혈당측정기) 부착 시, 약간의 멍 또는 일시적인 출혈이 발생할 수 있어요.

출혈이 계속해서 멈추지 않을 경우라면, 센서를 제거한 후 새로운 센서를 부착해야 할 수 있어요. 출혈로 인해 새 센서로 교체가 필요한 경우에는 웰다 스토어에서 별도로 센서만 구매할 수 있으니 참고 부탁드려요.",,,,최종,프로덕트 웰다
235,"사용방법 ","#연속혈당측정기 다른 부위 
#부착 부위","연속혈당측정기는 양쪽 팔의 상완에 부착이 가능해요.

팔을 앞으로 쭉 뻗어서, 팔의 후면 어깨 삼각근 아래에 중력으로 처지는 살 부위에 부착해 주세요.양쪽 팔 상완 외의 부위에는 부착을 권장드리지 않습니다.",,,,최종,프로덕트 웰다